-1.628168489531303942e-01;1.028892558364088716e-01;2.005709737298660422e-01;-8.319784947963576593e-02;-3.891351622465443194e-01;2.553642707531976197e-01;-1.043695076256085486e+00;-6.512591800497734562e-01;5.986300105300854657e-01;-5.885704510298698233e-01;3.312253861192591131e-01;5.596927608821625766e-01;-3.453749766723801518e-01;-6.245152902206786184e-04;-1.247352126219638119e-01
5.812946973762413982e-01;7.499781127430183991e-01;7.782417484408552522e-01;5.709321544790549874e-01;8.601935165449922094e-01;1.140064425196411158e+00;1.230344556633926389e+00;1.188412907322727419e+00;-3.422616618533935728e-01;9.054706201491573292e-02;6.735978742090767968e-01;2.070476447277136423e-01;6.509999659824042828e-01;-1.971732977763471506e-01;5.051534001124681206e-01
5.571914256162096013e-01;-1.499398715384003544e-01;1.873573177357341857e+00;7.518164643368705491e-01;8.601935165449922094e-01;9.375237813362753692e-02;1.238338345846637045e+00;1.196064539669780880e+00;7.478748964943612298e-01;1.417065061396351799e+00;-1.044977551862162068e-01;1.012727289311120327e+00;9.599877361534506770e-01;5.718352780493671794e-01;1.660181610506697991e-01
-4.789834051610601939e-01;4.462285791009706903e-01;4.780046555629740013e-01;-9.641609199206269132e-01;-3.891351622465443194e-01;1.087509832804329690e+01;-6.843538375397259510e-02;-8.400695151267076333e-02;8.920647972680856297e-03;-3.143655799961239117e-01;6.114407283929693820e-02;2.848119873551439585e-01;7.312833650686494102e-02;7.425039126903378861e-01;-7.638893864599909100e-02
5.166053272709817401e-01;3.073310925998872234e-01;3.505477390402125248e-01;-3.956180142281157663e-01;8.601935165449922094e-01;2.224696817931876236e+00;6.317589957296187997e-01;2.834319627646604278e-01;3.762374334212630345e-01;4.850671637935541902e-01;7.011998344227446944e-01;-6.937918075764042403e-01;8.381624864344608961e-01;3.014838112451530550e-01;1.733297923515432770e-01
4.190108659524468537e-01;1.290559169305674825e+00;1.353522153112909132e+00;4.628337394331289434e-01;2.109522195336528849e+00;8.584931896014900143e-01;1.117099209453861430e+00;6.851979461796042781e-01;1.146057892644109177e+00;5.528035204739708552e-01;1.252188801552898134e-01;1.610125021767754738e+00;1.686367100398034724e+00;1.456838070474339109e+00;1.336333461906706432e+00
8.693535824657040445e-01;-2.442117128718219454e-01;3.787158206374266478e-01;6.047220188463885426e-01;8.601935165449922094e-01;1.044727884518935335e-02;2.511053780768949806e-01;-5.841754008264236075e-01;-2.011279109958716560e-01;3.314163277253812656e-01;2.533285682659722204e-01;-1.272278432191306374e-01;8.102872174309626585e-01;4.771871856821032765e-01;7.141295376683285401e-01
-1.588403058577003257e+00;-5.017196161855654035e-02;-2.583460482826530069e-01;-6.140561205511352316e-01;8.601935165449922094e-01;-5.543612943304215834e-01;5.625676601707770702e-02;7.517543280278761175e-01;1.013015551273895032e-01;-1.010382570933463287e+00;-1.710555695846901342e-02;3.346001335495351614e-01;-6.193894171073994342e-02;-6.184068451471468331e-01;1.067528734482723063e-01
-3.161832475513550178e-01;5.509848027471450083e-01;-7.645140288331353506e-01;7.456240390021489084e-01;8.601935165449922094e-01;-1.228408800163117431e-01;-1.710666147193759812e-01;1.073752285693503561e+00;1.109399775538258970e+00;-1.437467342335851717e+00;5.712237392445886908e-01;-5.072462926744895073e-01;-7.671995966306129899e-01;-1.904774535092619014e-01;-9.078279913715541216e-01
1.719801048364726914e-01;-2.522689692202903178e+00;-5.757604714099220228e-02;-7.858169109942378938e-01;8.601935165449922094e-01;-7.343003087934479867e-01;5.625676601707770702e-02;5.709344044770930937e-01;1.109399775538258970e+00;-1.194925373391285683e+00;-7.287277425272590259e-01;-4.805733291593063811e-02;8.482989478902779323e-01;-3.988066458946051829e-01;-5.760599574754559082e-01
-7.607852066562094118e-01;-2.442117128718219454e-01;1.017201304835834014e-01;9.179748764076406387e-01;8.601935165449922094e-01;3.370032680558670557e-01;-1.707335680113310911e-02;7.043836999658086295e-01;1.155927385711068789e+00;6.241393936929612307e-01;-5.938940652615940508e-01;-8.270386039349145735e-01;4.952466754383730296e-02;3.545318494999815107e-01;-9.177795776432824681e-02
-1.527988047096261459e+00;-1.489163317400805431e+00;-1.123272451144027850e-01;-1.158779817607036078e+00;8.601935165449922094e-01;1.720591714647594361e-01;-1.459232438892613892e+00;-4.958041193227196719e-01;-1.194824728258014890e+00;-9.827011505647904599e-01;-3.372376808016991578e+00;1.064410765468207121e+00;-1.398931863294006206e+00;-8.769501109463003763e-01;-1.808799580243460881e+00
5.447420195729064663e-01;5.847880326051749789e-01;2.000305351945471433e+00;4.663182872923720690e-01;8.601935165449922094e-01;1.108408487466804537e+00;1.256019053237249938e+00;5.738839684043191003e-01;1.402664712385058188e+00;1.243675944801363897e+00;5.492759414793644268e-01;1.136946434202931178e+00;1.540030031994074067e+00;8.735131846578797488e-01;1.046998110548625460e+00
1.437461247799699748e+00;-3.621194983354631414e-01;1.478748499889969814e+00;7.039456501268932520e-01;8.601935165449922094e-01;2.253744350093598581e-01;1.571745970926769376e+00;1.196064539669780880e+00;1.539521682913563172e+00;1.092686379154055087e+00;8.276856925764074502e-01;3.863106019908144617e-01;1.498806361817357047e+00;1.000535461124621772e+00;1.323423898957301725e+00
1.341594689619025615e-01;-4.129988668011252417e-01;-1.413352036070054107e-01;-5.124511233021759038e-01;8.601935165449922094e-01;1.659888244756265285e+00;-8.444585161462295764e-01;-5.689025716039190772e-02;1.403247120465194731e-01;-7.051964357545643935e-02;-3.180703132802877864e+00;9.102077631903842114e-01;-3.651199588831909870e-01;1.141573490008350872e-01;-3.078215565253026864e-01
8.357251306982023120e-01;-6.382834420181207058e-01;-8.203941320296689321e-01;1.015717985143260449e-01;8.601935165449922094e-01;3.886524296146987023e-01;-1.101805739621460223e+00;9.258030764746315311e-03;3.409500709999778445e-02;6.726477874818742597e-01;-7.891704254394540374e-01;1.579165679820710988e+00;4.256790754839688828e-01;5.886333260392547784e-01;6.930540312719650764e-01
1.691230676978095593e+00;1.401064569713364572e+00;2.506473332495953166e+00;7.238526538417390244e-01;-3.891351622465443194e-01;-8.392647338968801662e-01;-6.843538375397259510e-02;1.697246458401851177e+00;1.915878351866955098e+00;1.836849238415792396e+00;2.969871950877868150e-01;6.079268953105825268e-01;1.925297977570872066e+00;1.383303481727527373e+00;2.038384404541329076e+00
1.417552845603780698e+00;9.219915845998075676e-01;1.048705371614769843e+00;8.363462930468675838e-01;8.601935165449922094e-01;5.119439765615871885e-01;8.140013684719232812e-01;6.562062027718931212e-01;5.045408432917373176e-01;1.458876239431121102e-01;6.645535892179496029e-01;7.505321623163457856e-01;5.085446148157811708e-01;7.936087493805055182e-01;8.824823474762431008e-01
1.084074839032230564e+00;-2.909194012933384241e-02;2.971182515664812507e-01;9.622548632778926692e-02;8.601935165449922094e-01;1.994774743895786795e+00;-2.823099712499810288e-01;2.928811722030346676e-01;-1.295383272275638098e-01;-2.005033007185638150e-01;-4.089847375949360875e-01;5.955029515941714369e-01;6.932110876162724811e-01;5.194726128308898572e-01;6.147811041989000858e-01
-7.976079318767614890e-01;8.533624208819614587e-01;-4.333533491756129119e-01;8.630536076379649035e-01;-3.891351622465443194e-01;8.085101300284271986e-01;-1.459232438892613892e+00;5.286531288209391777e-01;-1.468456991275942369e-01;4.375686483509872993e-01;7.666789224348758980e-01;-4.426728452084421894e-01;-1.110493037341302225e+00;-3.505575356810634591e-01;-1.360626710192383459e+00
8.780704983230167571e-01;1.260248527808070840e+00;-4.109486353487841193e-01;8.944166773874493437e-01;8.601935165449922094e-01;5.186083845046622898e-01;-2.278974599034894466e-01;1.303830417030948929e+00;7.342934609667725043e-01;9.540678073307903295e-01;5.646339256648553739e-01;5.596927608821625766e-01;-2.010237498902223835e-02;7.730618945948949383e-01;-6.900260759893829254e-01
-3.161832475513550178e-01;3.062353809096647964e-02;2.067374528754512275e-01;4.179512345974238929e-01;8.601935165449922094e-01;1.404032337351529269e-01;-8.530367569287372609e-01;6.391957410785935600e-01;-4.725389703372600003e-01;-6.968481157372656831e-01;2.965170110211012289e-01;-6.220435326141293686e-01;-7.456596160370014825e-01;-5.079238643775371154e-01;-5.781415304163508573e-01
-1.948255758893803757e-01;-2.442117128718219454e-01;2.843301301958803262e-01;4.274041755000211884e-01;-3.891351622465443194e-01;3.044050267441451851e-02;-4.379244964534735329e-01;3.975936087764322946e-01;-1.164476604813585031e-01;-8.917479122105778089e-01;8.496194207590597181e-01;-9.057482918987135034e-02;2.849456092881211822e-01;2.825603824788317509e-01;-1.816274874101439230e-01
1.084074839032230564e+00;3.987830188749962868e-01;5.753241079976199046e-01;4.657078212726002975e-01;8.601935165449922094e-01;-2.294714071055126148e-01;-1.648668589506325111e+00;3.506364545358864326e-01;2.222733415766934562e-01;2.451675672170766374e-01;7.875053715521597164e-01;5.414420073146523071e-01;4.585278704820630047e-01;2.535448000719653372e-01;3.791833267958208964e-01
1.719801048364726914e-01;6.688925882107862320e-01;2.918898727132925863e-01;9.292026305609217829e-01;-3.891351622465443194e-01;-2.061459793047499267e-01;-8.180639291231288635e-01;1.278018815688862331e+00;4.642169144753026111e-01;-2.095986245539852577e-01;8.461082903582779480e-01;-4.805733291593063811e-02;-2.037261912469978398e-01;-2.672836304007041308e-01;2.676977985791142989e-02
1.719801048364726914e-01;3.289739394698686925e-01;-6.078119681369369420e-01;2.411007485749440682e-01;-1.638463841038080959e+00;-4.593934811416020003e-01;-9.179862942820097294e-01;5.636206898412176036e-01;-1.471331668713567575e+00;-2.853929898491619488e-01;3.684482587521755725e-01;-1.196029732312327898e+00;-3.764028058607976623e-01;-1.208919328570919882e+00;-5.857592016043007277e-01
5.812946973762413982e-01;9.833544131835405544e-01;1.048705371614769843e+00;4.501360156734431350e-01;-1.638463841038080959e+00;2.736913925966540373e-01;5.433782961666211442e-01;-2.906064044479060859e-01;3.409500709999778445e-02;-8.917479122105778089e-01;7.602709295212554119e-01;-6.220435326141293686e-01;-6.998443531107043092e-02;-5.448904220596102466e-01;-2.713867160211397844e-01
1.719801048364726914e-01;1.401064569713364572e+00;-1.876798033576096980e+00;4.501360156734431350e-01;-3.891351622465443194e-01;-8.159393060961174227e-01;-6.843538375397259510e-02;5.931935359775821759e-01;2.222733415766934562e-01;1.996909480399700343e-01;4.054614250603973402e-01;-1.578687198777794176e+00;-9.518280017187146225e-01;-1.248748616309181214e+00;9.790438259905964724e-02
3.537964638341115076e-01;-2.051585278632846454e-01;-1.610885682994587717e-02;2.524846142244741576e-01;8.601935165449922094e-01;1.231700034413693023e+00;-3.837239708921876824e-01;5.774444597301950366e-02;1.447881450274660919e-01;-4.213001276198246048e-01;3.429502997398439224e-01;-4.307147993813964515e-01;-3.637813160214415364e-01;-7.151979039169514829e-01;-2.318201596665130926e-01
-1.138060342063746955e+00;3.289739394698686925e-01;-7.476650513252692809e-01;-4.450303065443617645e-01;-3.891351622465443194e-01;1.843159463190829461e+00;-1.375848764713712979e-01;2.865121686375074472e-01;-7.051770212013067640e-01;-8.624081579027673694e-01;1.751572791425731190e-01;-1.009872045923722705e+00;-8.346599754128039006e-01;-5.152259004628848560e-01;-4.091762377334252077e-01
3.651272759092337727e-01;-6.113074716256620134e-01;1.810833655103659123e-01;3.898933869602416169e-01;8.601935165449922094e-01;4.153100613869989410e-01;1.192873669699346273e+00;6.671442505927928091e-01;3.029211992095633965e-01;6.241393936929612307e-01;5.752865410628255072e-01;5.596927608821625766e-01;5.535413187145364899e-01;2.758280087831200822e-01;1.152067322348752310e+00
3.431634861784114143e-01;3.131875573551611835e-01;3.096033965158540568e-01;1.876956567662344255e-01;8.601935165449922094e-01;1.053427121936435507e+00;3.334804010615337044e-01;8.118746415319437748e-01;3.409500709999778445e-02;7.841996356768733689e-02;7.374110850036065257e-01;-7.058318651773721857e-03;6.474204771858077523e-01;6.853147382751696437e-01;6.249373114091190118e-01
2.009340477745712172e-01;5.582561334716203971e-01;1.011615975776037679e+00;1.400636154884966726e-02;8.601935165449922094e-01;2.670269846535789360e-01;1.498885912998418668e+00;3.623226561715728322e-01;8.495401641802376169e-02;4.435230338406244144e-01;2.741499685566560832e-02;-2.120533899725589311e-01;6.430356034099763418e-01;4.037431090016229684e-01;1.480378158072324646e-01
5.571914256162096013e-01;1.401064569713364572e+00;4.926598738549540779e-01;7.205918700298905577e-01;8.601935165449922094e-01;8.042356224747743143e-02;1.761182121540480594e+00;9.170079405992254129e-01;3.409500709999778445e-02;3.314163277253812656e-01;7.611011605933635238e-01;7.505321623163457856e-01;6.890903956766247784e-01;8.612079016251638075e-01;8.397730915758669923e-01
4.190108659524468537e-01;-1.519171273486338292e-01;-4.250326586821138730e-01;7.001670790713561132e-01;8.601935165449922094e-01;4.536304070596804960e-01;-7.962059117446237400e-01;1.094852619341893485e+00;7.868083450067810958e-01;1.194826379444881681e+00;5.169578766555338323e-01;-1.505099224457512541e+00;-1.160294140698847204e-01;-3.696719811616198670e-01;-6.632059103134696487e-02
9.857930701301472753e-01;-1.157316013954429401e+00;1.262531750732902580e+00;-1.141270704366411648e+00;8.601935165449922094e-01;-3.477646480950948304e-01;5.109035274899850210e-01;-5.433315312238711225e-01;4.431783429189014578e-01;1.092686379154055087e+00;-1.852341719741137593e+00;2.150196752790775045e-01;9.380488670303273047e-01;9.293073251167769389e-01;9.738792543139482838e-01
-8.747124759162164809e-01;6.136885999329779739e-01;-3.186298590824297450e-01;-4.469307808207506061e-01;8.601935165449922094e-01;1.849823871133904341e+00;-3.449021411648995339e-01;1.010058879109426266e+00;-1.063365857930587133e-01;-2.716121961591299594e-01;3.275624939232980870e-02;3.877470038919612061e-01;-4.025315041247274905e-01;4.570323518428200810e-02;-2.695609433794064480e-01
3.752621945192911590e-01;-2.013550799074682596e-01;-1.087805687103278879e-01;-9.316421586042668013e-01;8.601935165449922094e-01;1.048428815979129070e+00;-6.123414126195507734e-01;-3.681265171949190673e-01;-5.339905309428570890e-01;1.200176569936305837e+00;-2.316136798811190556e-01;-5.688966622717033239e-01;8.783547347650855208e-01;3.590968413353310407e-01;4.691187781229915199e-01
1.691230676978095593e+00;9.529690228026285181e-01;-4.656998333221955555e-01;5.417005559696040917e-01;-3.891351622465443194e-01;-4.077443195827703537e-01;-6.843538375397259510e-02;7.517543280278761175e-01;-5.035573771191328429e-01;9.273168548736692163e-01;7.001700322692566703e-01;1.204276193698321729e+00;2.912304842623844592e-01;4.590194403979846460e-01;1.004554246960686958e+00
-5.795311136988851031e-01;1.028892558364088716e-01;1.003503436032633811e+00;-6.919002488534305995e-01;-3.891351622465443194e-01;-5.576934983019590231e-01;-5.637160905368866493e-01;-1.978087612299992193e+00;-9.067966652834805741e-01;-6.818558237008571776e-01;3.331303519695204551e-01;-8.829463506587655885e-01;-1.016023510384405526e+00;-4.202994313533645609e-01;-2.376682517341041911e-01
2.909725903945099001e-01;7.817749550476972287e-01;9.453983669317057581e-01;6.513035573772695264e-01;2.109522195336528849e+00;2.210999274557070085e-02;-5.120516858240565794e-01;9.186808362205861611e-01;9.340783459015862267e-01;6.792625684530897434e-01;7.715999664662092083e-01;7.025400051509446131e-01;1.234223600192490666e+00;5.922495724815223239e-01;6.899278505737763689e-01
1.719801048364726914e-01;1.401064569713364572e+00;-5.757604714099220228e-02;1.262657011976222154e+00;2.109522195336528849e+00;-4.310697473835330418e-01;9.655502889628924112e-01;1.697246458401851177e+00;1.210209597579346319e+00;9.972808843769092046e-01;1.076803682926767314e+00;2.247887465876864610e+00;1.925297977570872066e+00;1.778830436350530286e+00;1.766295525265102473e+00
1.577766547149203502e+00;9.609724459843466127e-01;1.778806665870683590e+00;8.692583940022197142e-01;8.601935165449922094e-01;3.919846335862362530e-01;7.162278713809755448e-01;1.010943290408386597e+00;1.618754665851120267e+00;6.879662276257418885e-01;7.466262623361816786e-01;8.129219666313677317e-01;1.615283303606738441e+00;9.614080634629911248e-01;1.189324114659747744e+00
9.560365634742936658e-01;6.760749081780981218e-01;1.193419326611329989e+00;5.484080024010465904e-01;8.601935165449922094e-01;-5.760206201454154407e-01;1.925360118739031012e+00;1.312500743011576043e+00;2.222733415766934562e-01;1.291129808290518488e+00;1.063923963584745946e+00;-1.437216995322967705e-01;1.412995736425508353e+00;1.620619654501329165e+00;1.331999814112665437e+00
1.046659788338181629e+00;6.415302195259985352e-01;1.789814020891327351e+00;7.122645795153172976e-01;2.109522195336528849e+00;3.869863276289299270e-01;1.117099209453861430e+00;1.123388442226524564e+00;1.417759231193348235e+00;5.271226061151347286e-01;-8.985613035224701561e-02;1.364831774033481882e+00;1.319172942262259118e+00;1.514236542568245802e+00;1.320552474900185347e+00
9.292500037610541552e-01;1.038648161425939520e+00;-5.757604714099220228e-02;7.910640757452904737e-01;8.601935165449922094e-01;5.369355063481187074e-01;1.634891354464673041e+00;1.054026198531324399e+00;1.075081538247676383e+00;-2.756130717465586910e-01;8.750702486087059695e-01;2.963343869029889666e-01;1.016487837456836685e+00;1.208438933367883994e+00;1.031631000000769127e+00
7.594632761394323195e-01;6.630434214477083366e-01;9.814310790245242000e-01;9.897742560097463338e-01;8.601935165449922094e-01;3.153439422408730874e-01;4.151884198114784152e-01;8.404201106308694103e-01;1.024507293819448828e+00;4.375686483509872993e-01;3.431514904120251952e-01;3.693871759554868128e-01;1.569888297776276254e+00;1.132027534084678821e+00;9.535406854714627567e-01
8.428315341442503203e-03;-1.606773620262463564e-01;-5.757604714099220228e-02;-1.167275174270154814e+00;2.109522195336528849e+00;-4.260714414262267158e-01;1.060708913457221847e+00;8.243546166101637374e-01;1.288617236944635813e+00;9.273168548736692163e-01;8.443318255721723453e-01;1.099915066480467329e+00;9.006934952801447514e-01;4.959473574428784337e-01;-9.294841140722376327e-02
1.719801048364726914e-01;-7.731027594920797386e-01;-5.757604714099220228e-02;-5.316053544426725397e-01;2.109522195336528849e+00;-4.727222970277520919e-01;6.245652178582120628e-01;-1.783889041257420149e-01;8.894510729031606111e-01;9.273168548736692163e-01;3.420102828177301046e-01;-4.805733291593063811e-02;7.098660472950167610e-02;4.609047724557707726e-01;-1.693943387460125974e-02
9.560365634742936658e-01;1.233425663262179173e+00;-1.131970640374257320e+00;8.719278695144616620e-01;2.109522195336528849e+00;3.569964918850921931e-01;1.842369043232071402e+00;8.743181227059838578e-01;1.512639063702607478e+00;5.774967073574679421e-01;2.969871950877868150e-01;1.418027900048143497e+00;1.536292357895194804e+00;1.265594660031721386e+00;1.248083449234673736e+00
6.926886973267631920e-01;-4.413562315738011610e-01;5.753241079976199046e-01;6.092020646718625532e-01;8.601935165449922094e-01;-2.694578547639629451e-01;1.056479641257473956e+00;3.707351113100052498e-01;-5.999416013834973915e-02;1.194826379444881681e+00;1.833824272110640696e-01;-7.814841436414068365e-01;5.251992389860999921e-01;9.002705636923559185e-01;5.044813036847121124e-01
1.482919976890312963e+00;7.348877623508881518e-01;-9.019917011006135521e-01;3.645907715238221325e-01;-3.891351622465443194e-01;-5.177070506435087482e-01;-5.120516858240565794e-01;2.378661586456331245e-01;8.894510729031606111e-01;1.836849238415792396e+00;6.690161695529844854e-01;4.352994668299212111e-01;1.482495785978919234e-01;-1.220760468168781365e+00;1.077256394887210922e+00
-3.731459331565129545e-01;-1.190041848744514352e+00;1.810833655103659123e-01;1.875412460621366240e-01;8.601935165449922094e-01;8.551609856299525747e-01;2.937588055924773012e-01;-2.342583553196042168e+00;3.515042459763522142e-01;-1.260477256889816600e+00;-1.602231830252525357e+00;2.712462483731338247e-01;4.773326154447399827e-01;4.809804511809850913e-01;5.568576703552952090e-01
1.719801048364726914e-01;-1.695448244203742405e+00;6.872513460608479230e-01;-1.334175968404410106e+00;-3.891351622465443194e-01;-8.092748981530423213e-01;5.625676601707770702e-02;-1.554324038737916913e+00;-1.471331668713567575e+00;1.836849238415792396e+00;6.723217846159706967e-01;-2.057009031859626358e+00;1.167090660675733638e+00;-1.701806764331892818e+00;2.900825432303873463e-01
-8.278723499594282942e-02;1.740545705590932080e-01;2.067374528754512275e-01;4.421196454551487576e-01;8.601935165449922094e-01;1.613237389154740020e+00;4.908455821308862488e-01;5.058280036008717673e-01;3.525506500605599114e-01;5.714128787050118952e-01;4.872584776752532099e-01;2.600540252899843224e-02;8.366557151369743428e-01;4.630979138291129726e-01;-2.378909917836104573e-02
9.560365634742936658e-01;3.877867936426559470e-01;-2.649298321805340639e-01;3.698131491998658538e-01;-3.891351622465443194e-01;-2.977815885220319037e-01;6.018328797845665656e-01;1.037022810792137761e+00;6.411218925086937803e-01;4.725506631026072935e-01;4.961697481256178710e-01;-8.612044491550455705e-01;-1.165220977164745930e+00;5.052336424644614521e-01;6.062466139464419701e-01
4.923480728637456838e-02;7.690660631988853746e-01;-3.691525554855800140e-01;2.744160198029109154e-01;8.601935165449922094e-01;2.237083330235911105e-01;1.502860097976328912e+00;-6.140540958140138644e-02;-1.003180889547843901e-01;-1.470541247191929246e+00;5.814485554315653726e-01;1.571891149498075638e-02;2.140661859672613188e-01;1.054471667916728056e-01;-3.753122991756951410e-01
6.155841532873089772e-01;-1.130266015043771333e+00;6.230505523708150806e-01;-6.686467506773945413e-01;8.601935165449922094e-01;1.899806930706967378e+00;7.192832931650678940e-01;-4.808328425313825871e-01;3.901080723261790006e-01;9.403101746385565951e-01;-3.200678492397791342e+00;-4.671583676162025522e-01;9.297526560173816623e-01;4.441373511758870962e-01;7.200438373267981085e-01
1.341594689619025615e-01;-7.188345543918774061e-02;5.620249992837870190e-01;-1.099469798680290600e+00;8.601935165449922094e-01;2.033095089568468516e+00;4.273969794643490139e-01;4.780356980426005431e-01;-4.703005286107331262e-01;2.373267708072303861e-01;3.720524283433288004e-02;-7.613605713758283544e-01;2.585491343962146304e-01;5.156806557939826868e-02;1.185965129496737991e-01
9.560365634742936658e-01;-1.606773620262463564e-01;-4.999748433155138394e-01;5.624650696544776229e-01;8.601935165449922094e-01;7.318694386830639775e-01;-2.402519914652533062e-01;9.864324629800486077e-01;3.351803422627109841e-01;7.454103781652445804e-01;4.208657486106400225e-01;-1.069277123721559392e-01;6.362822626584502261e-02;-1.201726308154786177e-01;-1.919380891727784366e-01
1.240887960464838402e+00;6.255773191973343361e-02;2.115592021465753925e-01;1.306279742068241490e-01;8.601935165449922094e-01;1.008442368320678684e+00;-5.536352310807249877e-01;7.486492635603094747e-01;-2.630286789158372551e-01;6.792625684530897434e-01;7.234839174488658653e-01;-5.116615711337062500e-01;7.405990449222186189e-01;6.551408149557390592e-01;-3.224853437819690249e-01
1.333311698881829432e+00;4.879602686307578097e-01;5.949325697944931601e-01;-3.977432093049192152e-02;8.601935165449922094e-01;2.303727409666661563e-01;-3.026748877773230428e-01;5.897437996583907577e-02;3.762374334212630345e-01;-1.437467342335851717e+00;-1.288155842582842381e-01;-9.409247546686843044e-01;7.405990449222186189e-01;4.340387906323212031e-01;-4.065369864624296392e-02
-3.161832475513550178e-01;-1.157316013954429401e+00;-7.238468541930536126e-01;1.087726312355517200e+00;-3.891351622465443194e-01;2.877440068864575359e-02;-2.793707870012724845e-02;1.175468022461614526e+00;4.215209898461365068e-01;6.674504595759193082e-01;-6.578258979757946046e-01;-4.972639239840861980e-01;9.032047807759553404e-01;1.478229950837047557e+00;9.891809988976361101e-01
9.236565042740948472e-01;1.237866560608878341e+00;4.485919334094901623e-01;1.160573662772155901e+00;8.601935165449922094e-01;5.635931381204188906e-01;1.319164436775154048e+00;1.455734881621542076e+00;1.109399775538258970e+00;8.018641123161345252e-01;8.114455628244472418e-01;1.122424329213729255e+00;1.754530563855750902e+00;1.506666073742101819e+00;1.729452113287427206e+00
8.266189030672892180e-02;8.766760883012704175e-01;-1.211315958059552139e-01;7.882245677112793558e-01;-3.891351622465443194e-01;1.803896813936032573e-01;-8.582034694320586632e-02;5.709344044770930937e-01;9.749866794834768369e-01;-7.906887584836753691e-01;3.615939686950970233e-01;1.751595225222576380e-01;2.603156938484403882e-01;6.636996029940644970e-01;2.188019163780408338e-01
-3.161832475513550178e-01;1.028892558364088716e-01;-5.757604714099220228e-02;-1.030720805845969590e+00;-3.891351622465443194e-01;-8.059426941815048817e-01;-1.080360137665191012e+00;8.216182785481201956e-01;1.915878351866955098e+00;-1.801280295752701210e+00;-5.805063242564921788e-01;-6.220435326141293686e-01;-6.020597454129218429e-01;4.340387906323212031e-01;-4.769589848546501587e-01
1.394254359063063387e+00;1.200714308946980280e+00;1.662057678536330796e+00;1.075851352547009254e+00;-3.891351622465443194e-01;2.053812111801346929e-01;1.640631843877209839e+00;1.442465014765481612e+00;1.288617236944635813e+00;1.187183250171418347e+00;7.694242270912459158e-01;1.439456198696302813e+00;1.723647095417909947e+00;1.423158106162822234e+00;1.720511338848429661e+00
1.719801048364726914e-01;5.509848027471450083e-01;-5.757604714099220228e-02;1.055431088560662589e+00;2.109522195336528849e+00;-6.343341896473221331e-01;5.625676601707770702e-02;1.300477439405629543e+00;1.403247120465194731e-01;1.154699950759199734e+00;5.447014316484681817e-01;2.247887465876864610e+00;1.704888873822284934e+00;1.558168030087170974e+00;2.568585222398867551e-01
1.565499523357636535e+00;1.085117270080296903e+00;1.979191062337527507e+00;1.073783374548012315e+00;-3.891351622465443194e-01;5.152761805331247391e-01;2.101024864098747003e+00;1.499982765341582924e+00;5.609943436347460954e-01;1.596090666301700489e+00;1.222495699452322282e-01;1.792898405140487927e+00;1.494498365698634812e+00;1.153986730507899239e+00;1.796545791290404592e+00
8.693535824657040445e-01;7.226582134014347680e-01;-9.019917011006135521e-01;4.986521661514175530e-01;2.109522195336528849e+00;-2.911171805789568579e-01;-1.390346565942172985e+00;2.251758951694922406e-01;9.749866794834768369e-01;8.136253069309035135e-01;9.647156784718073988e-03;4.541805918199934289e-01;1.148446218457001233e+00;1.451108102520042298e+00;-1.660686380417073227e-01
9.560365634742936658e-01;7.125463789766690592e-01;-5.757604714099220228e-02;1.002834864465010245e+00;2.109522195336528849e+00;-1.728239395893746422e-01;2.329490573381614915e+00;9.199030742459881616e-01;2.222733415766934562e-01;1.836849238415792396e+00;4.989683715232736128e-01;8.812536570716292816e-01;1.440648414214604545e+00;1.719019043212417275e+00;1.709550198652124209e+00
6.155841532873089772e-01;6.630434214477083366e-01;-5.757604714099220228e-02;3.950396290271793176e-01;2.109522195336528849e+00;-9.951545221554905507e-02;1.571745970926769376e+00;6.254548226717981940e-01;1.402664712385058188e+00;1.473036284998942458e+00;1.032959249726210782e+00;1.865229999411398332e+00;1.471583492726707076e+00;1.532473647471059852e+00;1.477256363693771224e+00
-4.729963689839627450e-01;4.879602686307578097e-01;1.095375132242052407e+00;7.456240390021489084e-01;-3.891351622465443194e-01;-3.677578719243200234e-01;1.571745970926769376e+00;4.857380034515560441e-01;9.749866794834768369e-01;1.759640162953930442e-01;7.118363045596673988e-01;1.572609583878983752e+00;3.456994007060006369e-01;1.145987308953725803e+00;1.100305668452064456e+00
-8.532089450732009972e-01;-2.613045242008023641e-02;1.029157523397720375e+00;9.047174469821979148e-01;-3.891351622465443194e-01;3.203422481981794134e-01;-3.226155352103450835e-01;1.340154341305251462e+00;-6.754298605990184390e-01;5.230802399660587909e-01;3.426251194673688438e-01;-3.199455327729717746e-01;8.482989478902779323e-01;-3.796166588778558393e-01;5.543814967278531958e-01
4.746118791488875832e-01;5.069015015001270275e-01;1.662057678536330796e+00;-2.237537259046407535e-03;-3.891351622465443194e-01;-1.445002058313056559e-01;-1.963247681345376416e-01;3.628895027967237730e-01;3.869293842438022435e-01;-1.897020546651872142e+00;-1.355586066657107125e+00;3.346001335495351614e-01;1.301772223545265561e+00;4.061192408942270182e-01;-1.936074246962524448e-01
-2.323597172080805517e+00;1.028892558364088716e-01;-1.876798033576096980e+00;-2.962107162682081185e+00;-3.891351622465443194e-01;-9.092410172991681749e-01;-1.567481667814734747e+00;-1.765464980110629467e+00;3.409500709999778445e-02;-2.840745876943699511e+00;-1.036681202948841252e+00;-2.601904057843041056e-03;-1.760432035113827398e+00;-1.559417060667611876e+00;-2.125999169264860100e+00
-9.233390854972207684e-01;-4.052763535085040503e-01;-5.757604714099220228e-02;4.894180828065494149e-01;-3.891351622465443194e-01;-6.659901273769286423e-01;5.808491831012018158e-01;-2.157081154704302062e+00;6.613561220223170833e-01;1.778447133154539145e-02;4.730506852754113867e-01;1.456182362844866018e+00;-1.479251545642714105e-01;3.534762037233486753e-02;-4.638471638617435167e-01
1.341594689619025615e-01;7.999078053476630368e-01;-1.142914395276796446e-01;6.292953763812415557e-01;-3.891351622465443194e-01;-1.028476561870865780e-01;7.588926701115710216e-01;1.358670228858409379e+00;3.762374334212630345e-01;6.430879850167554590e-01;2.512764009125394438e-01;8.129219666313677317e-01;1.219519890035503984e+00;2.684693677668779643e-01;-6.191246014075268977e-01
1.292385539120012306e+00;-4.052763535085040503e-01;-9.497181454738090611e-01;3.485504941496808118e-01;-3.891351622465443194e-01;-3.527629540524011009e-01;-1.331793845966338097e-01;-7.662746147687193865e-01;-1.094974999760176315e+00;7.454103781652445804e-01;3.257407591657672796e-01;4.024823626840796920e-02;-1.330027585419702937e-02;3.298512025852862739e-01;1.130175645418761476e+00
8.178560038105308072e-01;7.690660631988853746e-01;1.309759183556207907e+00;3.800777684942518997e-01;-3.891351622465443194e-01;8.168406399572709642e-01;1.062442221735807379e+00;1.096014295911755365e+00;1.234543002899608499e+00;8.315766039744979521e-01;7.184870601242178134e-01;2.650260487376324692e-01;8.243297122852252801e-02;8.759378709697447363e-01;4.986162920005499655e-01
1.437461247799699748e+00;-2.442117128718219454e-01;-8.490732009701135174e-01;5.614552938957972916e-01;8.601935165449922094e-01;-3.311036282374071882e-01;-3.449021411648995339e-01;1.023090249133934426e+00;6.131052670282927108e-01;-8.917479122105778089e-01;3.390929889215172355e-01;1.979367526690121171e-01;-3.124666729876954263e-01;-3.522924087077377586e-01;2.526261628780390178e-01
4.920784470581673897e-01;-1.107533038936280301e+00;9.622391861064739649e-01;1.100577548695863772e+00;-3.891351622465443194e-01;4.819541408177494546e-01;2.186306094002588574e-01;1.043031892728691679e+00;5.426851002802569601e-01;1.006406627355592720e+00;4.203047513947993363e-01;5.259288667822680230e-01;7.142724019744708386e-01;1.153326984400338207e+00;1.074169438606203286e+00
-3.161832475513550178e-01;-5.017196161855654035e-02;1.223131474597048962e+00;-5.994194248632667144e-01;8.601935165449922094e-01;1.753189955959316260e+00;-1.248057713618312414e+00;2.962413706358821841e-01;1.658198412336847061e-01;-2.368845960602489753e-01;-9.553630723993356000e-01;6.569474558438136436e-01;-4.440998877264347722e-01;-2.937308058740035199e-01;-6.293806324847667222e-01
-6.566356577383400950e-01;7.348877623508881518e-01;-2.583460482826530069e-01;-1.531546619635682505e-01;-3.891351622465443194e-01;6.219067076223255830e-01;-4.489063022861527474e-01;5.252518176745500922e-01;-2.126962512300946129e-01;-4.369817204395158861e-01;-7.944763333336600786e-01;-2.541036610127198614e-01;-8.828772701888990548e-01;-6.074838875456214406e-03;-7.784835325976657838e-01
9.560365634742936658e-01;-8.453684772375235079e-01;-5.757604714099220228e-02;5.635836370058934230e-01;-3.891351622465443194e-01;-4.527290731985269545e-01;2.456929166307889600e-01;7.830906386345563019e-01;1.000416184142489451e+00;4.725506631026072935e-01;4.548123134713582538e-01;1.255812552818249550e+00;6.221291516573531633e-01;4.061192408942270182e-01;9.926493594866230008e-02
-1.391829771242143021e+00;-8.453684772375235079e-01;1.370154250649019689e-01;2.844897305067428106e-01;-1.638463841038080959e+00;-6.993121670923039268e-01;-5.120516858240565794e-01;4.836000473545849498e-01;-6.896678178103703427e-01;-2.132019344313473397e+00;-4.506054709396656310e-01;-1.437216995322967705e-01;-2.148033201170181927e-01;-1.713873688371238657e+00;-1.204998401342143977e+00
9.004355502778529363e-01;-1.107533038936280301e+00;5.451392112461067585e-01;1.826544954918077612e-01;-3.891351622465443194e-01;1.120794999770839406e-01;1.117014930259689065e-01;2.657660761409730843e-01;-1.352482194307233820e+00;-7.316876702266662813e-02;4.494515140912565543e-01;-9.963823585042590469e-01;8.722322596609579648e-01;-1.586976358151021227e+00;7.937916168851296694e-01
8.266189030672892180e-02;1.028892558364088716e-01;-1.210527226524034994e+00;3.452734262519127628e-01;-3.891351622465443194e-01;-6.759867392915412943e-01;1.874843811908707636e+00;-6.699178583213698523e-01;3.029211992095633965e-01;1.291129808290518488e+00;-4.420124517899253758e-01;-1.196029732312327898e+00;2.977968533302648158e-02;9.466417238237324616e-01;-5.583696943031453142e-01
4.190108659524468537e-01;-1.411042529776018462e-01;-1.068415091709294051e+00;3.645907715238221325e-01;8.601935165449922094e-01;3.782870902114299303e-03;-1.206650904740998564e+00;-4.918239912324755547e-01;2.222733415766934562e-01;4.725506631026072935e-01;8.097590878117439939e-01;7.604779134313938149e-02;-6.844735842058716768e-01;-3.889475699960913690e-01;-8.629864205575779046e-01
-8.737946302370337703e-02;1.028892558364088716e-01;-4.938679149194098450e-01;-9.641609199206269132e-01;-3.891351622465443194e-01;4.003151435150800741e-01;-6.293216838230208943e-01;-1.037407703295184724e+00;4.522690837148771181e-01;1.778447133154539145e-02;-3.319683572718323261e-01;-9.148936345009655025e-01;-4.440998877264347722e-01;-2.321882632097273247e-01;-3.736130571861496774e-01
1.719801048364726914e-01;1.401064569713364572e+00;-5.757604714099220228e-02;1.031051252894027437e+00;8.601935165449922094e-01;-8.059426941815048817e-01;1.630034017269449631e+00;8.084838558503145700e-01;1.563043974723150820e+00;1.778447133154539145e-02;-4.152255711070912403e-01;1.910248524877923515e+00;1.135498689138436657e+00;1.638874744714698517e+00;2.099513840251502117e+00
1.691230676978095593e+00;6.540922626413651075e-01;-5.757604714099220228e-02;8.908500601824996812e-01;8.601935165449922094e-01;-5.810189261027217666e-01;9.655502889628924112e-01;1.419218532681871370e+00;1.210209597579346319e+00;1.382083046644730473e+00;-2.792821516417077765e-01;6.079268953105825268e-01;7.405990449222186189e-01;1.465136644752976780e+00;1.398031417130996878e+00
1.719801048364726914e-01;1.401064569713364572e+00;-1.210527226524034994e+00;1.886982460719492938e-01;-3.891351622465443194e-01;-5.177070506435087482e-01;2.835801467535316034e-01;-1.783889041257420149e-01;-9.067966652834805741e-01;-1.941208354759181631e+00;7.173891777648015999e-01;-1.725863147418357668e+00;-1.058388223173884590e+00;4.127865960555631153e-01;-4.379981453328705698e-01
4.190108659524468537e-01;-2.762566452520149873e-01;5.348650841076335594e-01;-1.117327527119918340e+00;8.601935165449922094e-01;6.918829910246137027e-01;-4.427457770629426026e-01;3.071068298019513643e-01;-9.067966652834805741e-01;3.953262154433700992e-01;-2.299036001767034709e-01;2.220538198832220644e-01;-4.920024351021679704e-02;8.133035036300136078e-02;-6.062982039957347524e-01
1.017794097617037430e-01;2.267221530059751744e-01;1.139138101798753633e+00;4.107935610190555642e-01;-3.891351622465443194e-01;-4.927155208569772848e-01;6.762296225710423547e-01;4.365310684638297294e-03;3.762374334212630345e-01;6.045795574877541601e-01;9.053676465566279363e-01;1.571891149498075638e-02;7.153926846530981321e-01;1.044280377764953638e+00;7.513101287455734578e-01
1.719801048364726914e-01;8.278789173716754046e-01;6.872513460608479230e-01;-5.005440209408835994e-02;2.109522195336528849e+00;-4.743883990135208673e-01;5.109035274899850210e-01;3.211746064721614918e-02;1.288617236944635813e+00;2.776508666292952232e-01;-2.934538594624239161e-01;1.171663341442741979e+00;1.287383167683135765e+00;1.130839468138377102e+00;1.148690093951840074e+00
2.423459808135063898e-01;3.289739394698686925e-01;9.814310790245242000e-01;-1.464472155321343005e-01;2.109522195336528849e+00;-4.277375434119954911e-01;2.329490573381614915e+00;7.390118464864481318e-01;1.403247120465194731e-01;4.725506631026072935e-01;6.363793879982597712e-01;1.709775403659803406e+00;1.031185575571888613e+00;1.436040409010594487e+00;1.118809760995201769e-01
8.428315341442503203e-03;6.058680540943977011e-01;-1.274082775188998706e+00;3.767408936719739837e-03;-3.891351622465443194e-01;-3.744222798673950692e-01;8.140013684719232812e-01;-2.208595724844305414e-02;8.573752204355418183e-01;-1.635910771472314673e+00;-9.943092280505388958e-01;-3.512953252093186096e-01;-3.676676985232958939e-01;-4.059355491528211790e-02;1.005150916759597023e-02
1.313955541570559493e+00;-1.122262591862051906e+00;8.262398829544840284e-01;7.842830519615074936e-01;8.601935165449922094e-01;4.210321657479586255e-02;-1.426287021394577081e+00;-9.014019028015712864e-02;1.288617236944635813e+00;1.488517687272001178e+00;-2.415331459903039324e+00;-6.636367354908102589e-01;9.614751171109505723e-01;4.739611374540820821e-01;7.966555374338639695e-01
1.292385539120012306e+00;8.451235241824472944e-01;2.383678719593389950e+00;1.082156684919673317e+00;8.601935165449922094e-01;6.252389115938631337e-01;8.140013684719232812e-01;1.260225509942245692e+00;1.497704275252075945e+00;1.325237272673347899e+00;4.028410239058325959e-01;1.011609497296128701e+00;1.577496456059340302e+00;1.332189229130092523e+00;1.353604661958222710e+00
1.449198660552620144e+00;1.024237966430384450e+00;2.182108702780762854e+00;8.892777158996026943e-01;8.601935165449922094e-01;1.966451010137717947e+00;2.006664470560616031e+00;1.252003396360842347e+00;8.302341145014030532e-01;1.607876050950642233e+00;8.077562533483811924e-01;1.875859373479884296e+00;1.670132053615776213e+00;1.645677883924649976e+00;1.830440667680199418e+00
6.682477258020472766e-01;1.401064569713364572e+00;-5.892944618957235425e-01;7.187632113047993654e-01;8.601935165449922094e-01;-3.227731183085633671e-01;1.571745970926769376e+00;1.303213777467672418e+00;1.288617236944635813e+00;1.230494316054376425e+00;6.985656879876693814e-01;6.079268953105825268e-01;5.467392195797117216e-01;9.549767308674952382e-01;3.989835009214725003e-01
1.691230676978095593e+00;-1.673566008155220539e-02;1.956237411500007850e+00;7.973303434562610814e-01;8.601935165449922094e-01;-1.445002058313056559e-01;6.245652178582120628e-01;-3.288081066852384104e-01;3.029211992095633965e-01;1.291129808290518488e+00;9.636927857745642978e-01;1.610125021767754738e+00;1.516781104243750455e+00;1.430766716282288131e+00;1.215464285234840736e+00
9.004355502778529363e-01;3.518122584369269279e-01;1.398531053884892073e+00;7.924858878104172888e-01;8.601935165449922094e-01;6.952151949961512534e-01;7.057521395498028705e-01;9.343601042803606482e-01;1.069075846721824430e+00;1.488517687272001178e+00;8.236676604739846530e-01;1.219852481342777573e+00;1.332948511246545342e+00;1.247694240142498190e+00;1.379092120141242717e+00
-9.233390854972207684e-01;9.178155908113070360e-01;-4.250326586821138730e-01;7.210459697137126811e-02;-3.891351622465443194e-01;5.209982848940844513e-02;-3.983899954558296486e-01;3.438008707599174429e-01;-6.779311233523640512e-01;-2.620716466814152490e-01;6.740872835700684185e-01;-1.688965328523932830e-01;-1.383711309138788148e-01;4.340387906323212031e-01;1.468012130086473674e-02
1.174113381652170052e+00;-4.052763535085040503e-01;6.872513460608479230e-01;7.181202623489260084e-01;-3.891351622465443194e-01;-6.226714757469408168e-01;5.625676601707770702e-02;9.135051863105491110e-01;-1.847688337666959280e+00;-2.420819239662038436e-01;5.717172868383122442e-01;1.364831774033481882e+00;-7.073663172039134084e-01;-7.309678757117957781e-01;1.303988011388770074e+00
1.174113381652170052e+00;1.028892558364088716e-01;1.662057678536330796e+00;3.645907715238221325e-01;-3.891351622465443194e-01;-7.526274306369044043e-01;-2.684909207492848782e-01;8.892804560822722415e-01;-5.931661078223209316e-01;-6.818558237008571776e-01;1.147446293843821463e+00;1.530404716254116337e+00;8.243297122852252801e-02;6.374526530098653110e-01;1.257784724232185791e+00
4.983059264865304927e-01;-3.303747881639559902e-01;5.291500147058082471e-01;-1.106599746430699804e+00;8.601935165449922094e-01;2.804500308979406054e+00;2.762471344717101207e-01;4.612059007812230882e-01;4.506729994529886096e-01;8.199807350767723824e-01;-6.674397074065028246e-01;8.943828901693217093e-01;5.833381246591230473e-01;9.256222913780531858e-01;1.213672943901619394e+00
1.719801048364726914e-01;1.028892558364088716e-01;-1.876798033576096980e+00;7.036774366260891700e-01;-3.891351622465443194e-01;-7.459630226938293029e-01;-7.014878364377681308e-01;1.235551599933520484e+00;-3.422616618533935728e-01;-8.917479122105778089e-01;-3.405701867624653656e-01;3.346001335495351614e-01;2.193315145568111857e-01;5.718352780493671794e-01;1.190722896026933375e+00
1.341594689619025615e-01;-2.442117128718219454e-01;2.237338083208385342e+00;8.890844636868021345e-02;-3.891351622465443194e-01;-5.260375605723525139e-01;-9.179862942820097294e-01;9.647498079472879295e-01;-5.931661078223209316e-01;-6.818558237008571776e-01;8.628021923208916144e-01;-9.090366324632286332e-01;1.118694448959022703e+00;6.853147382751696437e-01;1.039577369692564535e+00
1.691230676978095593e+00;9.178155908113070360e-01;1.840202525443891624e+00;7.001670790713561132e-01;8.601935165449922094e-01;-7.626240425515169452e-01;1.596189345199506393e+00;1.344562885960765231e+00;8.573752204355418183e-01;8.446320927334762807e-01;4.617459093638087153e-01;1.249650596836519023e+00;1.022670219362374233e+00;1.355383931989432522e+00;1.321011609372664486e+00
-1.273557613774299657e+00;1.401064569713364572e+00;-3.819406768561818266e-01;6.183422670497537021e-01;-3.891351622465443194e-01;-1.594951237032245506e-01;6.927622320791482213e-01;-3.631680963855457578e-01;-1.072836372174682973e+00;4.132333337411642216e-01;2.450710377247683758e-01;1.571891149498075638e-02;-7.228525777614120962e-01;4.340387906323212031e-01;4.363674117706515254e-01
1.719801048364726914e-01;1.401064569713364572e+00;-5.757604714099220228e-02;2.545163579070636728e-01;-1.638463841038080959e+00;-3.311036282374071882e-01;-3.983899954558296486e-01;-4.188549762446647784e-01;-1.992440902649032841e+00;-1.983186772461125846e+00;3.520818926975181062e-01;-1.770015932010527093e+00;-4.440998877264347722e-01;5.526968770192222102e-01;-1.566052363964575589e+00
1.719801048364726914e-01;8.766760883012704175e-01;2.509594782824293713e-01;1.058733528943677449e+00;-3.891351622465443194e-01;-7.876155723380484641e-01;2.329490573381614915e+00;8.131445376269391678e-02;6.131052670282927108e-01;1.778447133154539145e-02;-6.725470436665652585e-01;1.865229999411398332e+00;3.456994007060006369e-01;1.492593833037590967e-01;8.866703984076388378e-01
-1.979789200282469963e+00;7.999078053476630368e-01;-7.645140288331353506e-01;-4.847529500185951412e-01;-3.891351622465443194e-01;8.875407217632125256e-02;5.625676601707770702e-02;-5.929645879560869748e-01;9.749866794834768369e-01;-1.490708262348073632e+00;4.035572107165647515e-01;-1.623182253017964261e+00;-1.233899176158870459e+00;-1.134661334482638173e+00;-1.985169608529793184e+00
1.719801048364726914e-01;1.028892558364088716e-01;2.098349546314748792e+00;-2.702719034679921806e-01;8.601935165449922094e-01;-7.909477763095860148e-01;-6.843538375397259510e-02;-2.534956410891180401e+00;3.409500709999778445e-02;5.375172619270444097e-01;6.945166286103209297e-01;-2.167390993340049032e+00;-1.521098917407028850e+00;-8.399743474165084489e-01;1.030609055529769336e+00
1.719801048364726914e-01;1.401064569713364572e+00;1.956237411500007850e+00;4.234912847787442036e-01;-3.891351622465443194e-01;-7.842833683665109135e-01;2.131818068393394494e+00;1.401976490776755568e+00;1.403247120465194731e-01;-3.460284820853039012e-01;1.051768252134733794e+00;-2.601904057843041056e-03;1.925297977570872066e+00;1.857935827275130514e+00;1.066772392423413152e+00
1.691230676978095593e+00;-1.022655989941386956e+00;2.506473332495953166e+00;7.001670790713561132e-01;-3.891351622465443194e-01;-5.610257022734965737e-01;5.614198343203083974e-01;6.516433965765142666e-01;6.328442531622114897e-01;1.836849238415792396e+00;3.948862346866197082e-01;-6.220435326141293686e-01;1.519115486377048407e+00;7.188181979608833094e-01;1.112109127092130167e+00
9.560365634742936658e-01;6.255773191973343361e-02;9.814310790245242000e-01;7.601280131578009858e-01;8.601935165449922094e-01;-1.245069820020805046e-01;3.810044527834400285e-01;-1.770148122850624117e-01;4.642169144753026111e-01;1.703746938385237719e+00;3.684482587521755725e-01;8.812536570716292816e-01;4.288361679094152001e-01;1.408284131493189983e+00;1.428549323634137780e+00
-7.976079318767614890e-01;-1.095516888587786813e-01;5.435119092223723164e-02;6.413813411711163925e-02;8.601935165449922094e-01;-3.277714242658696930e-01;1.192873669699346273e+00;7.121647560664043919e-01;1.977283414275593787e-01;-8.917479122105778089e-01;5.424653839326218918e-01;-9.491334921782433598e-02;6.145672435766179609e-01;-8.186593278898629533e-02;2.730371759396088005e-01
1.084074839032230564e+00;7.163734545020887801e-01;9.172302853344913576e-01;-1.496881782050681065e-01;2.109522195336528849e+00;-1.411680018597681330e-01;2.329490573381614915e+00;-3.638913026174822596e-01;-9.067966652834805741e-01;4.007454749282289286e-01;-1.809659286354934338e-01;-2.120533899725589311e-01;7.629518549721934217e-01;4.081497536024520922e-01;1.093450263902329800e+00
-7.707181481716802729e-01;4.571388848309679287e-02;-9.718678138726780658e-01;4.247996491722021983e-01;8.601935165449922094e-01;6.785541751384636111e-01;-6.309999664419684295e-01;3.260127287509091976e-01;4.590138268860851634e-01;-5.230185675313386851e-01;-8.391847097787928922e-01;9.543921700861919544e-02;-6.594996936625538986e-01;-3.413506847672285183e-01;-3.088727240705829713e-01
1.174113381652170052e+00;7.348877623508881518e-01;-1.131970640374257320e+00;5.662259643751998972e-01;8.601935165449922094e-01;-5.060443367431274320e-01;9.655502889628924112e-01;8.114365555265654617e-01;-9.067966652834805741e-01;4.132333337411642216e-01;1.346808925949834757e-01;9.723625776586451996e-01;1.699641038018747885e+00;9.586324357112506744e-01;5.958044978493985955e-01
5.255456106673687122e-01;8.980857714553744930e-01;9.814310790245242000e-01;1.077428736239622209e+00;8.601935165449922094e-01;-1.878188574612935369e-01;-3.226155352103450835e-01;1.597665097914921228e-01;1.163165013960172578e+00;1.154699950759199734e+00;8.576816946083734017e-01;-8.428074555749746066e-01;8.232524588279387379e-01;2.916490869680401499e-01;8.120338789095544740e-01
1.333311698881829432e+00;1.028892558364088716e-01;-6.078119681369369420e-01;-6.624804712571995546e-01;-3.891351622465443194e-01;-6.526613114907785507e-01;5.109035274899850210e-01;-5.700050787194153035e-01;1.403247120465194731e-01;-1.010382570933463287e+00;2.475457160440082058e-02;-8.428074555749746066e-01;5.713563402581253170e-01;-1.345832505171190574e+00;8.607787012570894403e-01
5.571914256162096013e-01;-2.442117128718219454e-01;1.614331234163135953e+00;-3.079131247155656448e-01;8.601935165449922094e-01;-7.009782690780727021e-01;5.625676601707770702e-02;-2.072448327800132384e-01;-6.501898455425321188e-01;1.447049645469168144e+00;1.774125616774825109e-01;-6.220435326141293686e-01;7.405990449222186189e-01;-1.062878606863965292e+00;1.172180300528180785e+00
1.719801048364726914e-01;1.028892558364088716e-01;-5.757604714099220228e-02;1.322156327397124576e-01;-3.891351622465443194e-01;-8.226037140391925240e-01;-2.684909207492848782e-01;6.391957410785935600e-01;-5.035573771191328429e-01;1.778447133154539145e-02;4.054614250603973402e-01;8.129219666313677317e-01;-1.121070706382808035e+00;-1.427980411131352545e+00;5.995905282471569731e-01
-6.566356577383400950e-01;-4.982675085292913031e-01;6.872513460608479230e-01;-9.641609199206269132e-01;-3.891351622465443194e-01;-6.726545353200037436e-01;2.629143848683990758e-01;-1.219542005570372956e+00;-1.471331668713567575e+00;1.473036284998942458e+00;6.728678921824658363e-03;3.346001335495351614e-01;9.276567711299007479e-01;-1.593935776707437801e+00;6.309898890459593179e-01
-1.588403058577003257e+00;2.267221530059751744e-01;9.814310790245242000e-01;6.373350408509226295e-01;-2.887792519829617266e+00;-3.810866878104701150e-01;3.810044527834400285e-01;-2.667212750556587686e+00;1.331362357719431955e-01;-2.985746185961493104e-01;7.662843876339597848e-01;-6.220435326141293686e-01;6.445423747074628951e-01;-3.857807153135386358e-01;-2.587782835326836173e-01
-3.145474266593196955e+00;1.028892558364088716e-01;4.926598738549540779e-01;4.574407857280772816e-01;-2.887792519829617266e+00;-5.410324784442713808e-01;-1.963247681345376416e-01;1.408687171859144716e+00;1.251719524302146613e+00;1.495774594587496065e+00;5.472406722749424413e-01;7.172576000150009401e-01;-3.563444112339420600e-01;-4.667940284682317031e-01;-3.951150571077440693e-02
-3.161832475513550178e-01;-8.453684772375235079e-01;1.531667000020470848e+00;9.191315626618279389e-01;-2.887792519829617266e+00;-5.543612943304215834e-01;9.305774611572842359e-01;-1.476905693567922340e+00;1.517064661479328169e-01;1.577125303380260135e-01;6.275404229097264475e-01;4.215677395644136793e-01;2.977968533302648158e-02;-4.202994313533645609e-01;-5.287423791557498420e-01
-1.979789200282469963e+00;1.028892558364088716e-01;-1.408159681651096173e+00;-1.210454648485491946e-01;-1.638463841038080959e+00;-7.119171845748006877e-02;-3.449021411648995339e-01;-5.832123692269178816e-01;-1.992440902649032841e+00;-4.783241015096123538e-01;3.178384191062399444e-01;-1.196029732312327898e+00;-1.881275642087096189e+00;-1.861631941914249078e+00;-1.064966957167415407e+00
-1.138060342063746955e+00;-2.442117128718219454e-01;-7.238468541930536126e-01;7.456240390021489084e-01;-1.638463841038080959e+00;4.003151435150800741e-01;-1.459232438892613892e+00;-8.763904215736406655e-01;-9.067966652834805741e-01;-4.213001276198246048e-01;4.803321645127697770e-01;-4.426728452084421894e-01;-1.262619150283685876e+00;-4.386722963423037580e-01;-1.627052997661031508e+00
-1.588403058577003257e+00;1.028892558364088716e-01;-1.712536230362486478e+00;4.646153720498608086e-01;-1.638463841038080959e+00;-1.045137581728553394e-01;-5.751970693619604669e-01;6.627079792413322901e-01;-1.736995199739491014e+00;-1.174016582965029754e+00;1.082832491943839515e-01;1.854510536087002450e-03;-1.808298658655187019e+00;-1.265451220844580726e+00;-1.222085040708686510e+00
-1.495979320160012227e+00;8.278789173716754046e-01;-1.032382379616475054e+00;4.902667592242898054e-01;-1.638463841038080959e+00;-3.277714242658696930e-01;6.456136790375133216e-01;-4.392021054239581002e-01;-2.554101228641491028e-01;-4.369817204395158861e-01;8.798143722210308715e-01;-4.012796096532837975e-01;-1.090299305534790930e+00;1.827628429894727624e-01;1.425393102295618442e-01
-1.194561786287480443e+00;3.946875328625417678e-01;-5.452445785274575574e-01;1.132431072162825014e-01;-3.891351622465443194e-01;2.073081537226918680e+00;-4.994226091164759018e-01;3.492114704048114859e-01;-5.386216630464675248e-01;-5.993982175006093982e-01;1.415183432358791682e-01;2.026492830442022663e-01;-7.531517831999965384e-01;-6.279838610073432692e-01;-4.338151091394014669e-01
-2.157802169711834639e-01;1.193979534493963213e+00;-1.004489155120865257e-01;3.046574166892849767e-01;-3.891351622465443194e-01;1.260023768171762093e+00;-1.963247681345376416e-01;1.097684385252005068e+00;5.788217647956963585e-01;-1.859682401013917213e-02;7.029569213969045771e-01;3.346001335495351614e-01;2.074845252303243737e-01;3.770829091666088040e-01;4.682841103612545020e-01
-9.810642937347863191e-02;-2.187282093615358358e-01;4.695069404169795180e-02;6.885183480042152970e-01;-3.891351622465443194e-01;1.644893326884346418e+00;2.707127855797698546e-01;9.653243151241155395e-01;5.885531426798414067e-02;4.081060762375137568e-02;5.735212072166475661e-01;-1.177514048451095974e+00;-5.388758023383271034e-01;1.125136533258806748e-01;-2.882190941636529891e-01
6.682477258020472766e-01;1.028892558364088716e-01;6.872513460608479230e-01;3.610751094930639282e-01;-3.891351622465443194e-01;-2.378019170343564359e-01;9.655502889628924112e-01;-2.979348942648635812e-01;3.409500709999778445e-02;2.776508666292952232e-01;6.645535892179496029e-01;5.259288667822680230e-01;5.383333734943995807e-01;1.014144990746058461e+00;6.956447304937404263e-01
-1.071285763251077938e+00;1.401064569713364572e+00;6.872513460608479230e-01;5.417005559696040917e-01;-3.891351622465443194e-01;3.170100442266418628e-01;-1.535006899138098291e+00;1.101703824169644186e-01;-8.672796190160295474e-03;-2.620716466814152490e-01;4.258824823338997478e-01;-7.040415611424434283e-01;-7.362174327630891524e-01;1.646528647809791246e-01;-3.819919385203124906e-01
-1.395183624124145816e-01;-8.453684772375235079e-01;-1.274082775188998706e+00;-1.122382516386567941e+00;2.109522195336528849e+00;-4.277375434119954911e-01;2.629143848683990758e-01;-1.325755591093171093e+00;1.647052159757390166e+00;-6.436936257899988911e-01;1.751572791425731190e-01;-2.535330864941458984e+00;8.886864115033002998e-01;5.289652597418421642e-01;6.609344532054352017e-01
-9.014990356294555474e-01;-1.249380722901243690e+00;3.474272912536287977e-02;-4.341375746403978164e-01;-3.891351622465443194e-01;1.753913754362969590e-01;1.825475330928853779e-01;-1.421218813708803319e+00;3.029211992095633965e-01;-2.716121961591299594e-01;-2.619043021840019581e+00;1.064410765468207121e+00;-2.597085267396877575e-02;-1.081722570955185425e+00;-7.773624876030258424e-01
3.186078353722760492e-01;-1.157316013954429401e+00;6.062784043277053697e-02;-1.674503038776839758e-01;-3.891351622465443194e-01;6.169084016650193680e-01;-2.847283050876029398e-01;-3.074812165264267372e-01;1.447881450274660919e-01;5.843784151774583657e-01;-1.383770784562583733e+00;8.320548399546408014e-01;-7.073663172039134084e-01;4.676741537026237183e-01;6.449823842029182852e-03
-6.566356577383400950e-01;-2.143543791114479458e+00;-1.582618300612420370e+00;-1.751677261852593315e+00;-3.891351622465443194e-01;-8.909138954557117573e-01;-1.648668589506325111e+00;-6.253038966979831415e-01;1.403247120465194731e-01;-5.885704510298698233e-01;-1.065811935691422629e+00;1.136946434202931178e+00;-1.332624087212924913e+00;-2.413755282653297751e+00;-7.118062675275999007e-01
-1.088395433211971852e+00;-8.453684772375235079e-01;-1.009176027471694104e+00;-1.034760307347951214e+00;8.601935165449922094e-01;9.401321869041594503e-01;-7.703737093882085940e-01;-8.420752631739678584e-01;4.163322490057861924e-01;1.044066030974622056e-01;-2.669837243320368980e+00;9.531817522719050473e-01;-1.041985330371549612e+00;-1.251249972543950983e+00;-1.593263430956622262e+00
-2.213706865754534014e+00;-3.594780322446401222e+00;-9.382309055072100001e-01;-5.721015837574480178e-01;-3.891351622465443194e-01;-2.977815885220319037e-01;-1.535006899138098291e+00;-6.995623094120593244e-01;-1.847688337666959280e+00;-1.437467342335851717e+00;-1.590165125057898976e+00;1.639114223772714318e+00;-1.898993313786184522e+00;-1.658470767564502957e+00;-2.239230022498051920e+00
-1.745216180009611318e+00;1.401064569713364572e+00;-1.525389639781580708e+00;-5.971631090837433709e-01;-3.891351622465443194e-01;-2.961154865362631838e-01;-1.329861409205201017e+00;-1.705444648509745864e+00;-6.245291635684367959e-01;1.340740665574634560e+00;-2.688651869869948641e+00;-9.491334921782433598e-02;-9.179794607858959843e-01;-1.939122937105694611e+00;-1.527053144958091524e+00
-1.314725227202687252e+00;-1.157316013954429401e+00;-1.186251865186833454e+00;-1.712694372803123199e+00;8.601935165449922094e-01;-7.619002441478635312e-02;-1.803661803644816208e+00;-5.700050787194153035e-01;-9.067966652834805741e-01;-9.957454589969623460e-02;-3.236634139668635779e+00;-5.444778299522107234e-01;-1.016023510384405526e+00;-2.331922119627848566e+00;-1.894872977323240448e+00
-2.213706865754534014e+00;-8.453684772375235079e-01;-1.440506165797678761e+00;-7.499984842759493953e-01;8.601935165449922094e-01;-2.711239567497317204e-01;-1.648668589506325111e+00;-1.638303260617232970e+00;-6.501898455425321188e-01;1.996909480399700343e-01;-2.114518314424376655e+00;7.539507817308676030e-01;-1.036449354050761551e+00;-3.660557347193523214e-01;-1.219111259815984560e+00
-1.833266436468119487e+00;4.148367925533155143e-01;-1.346354691688413929e+00;-2.473353420377927492e+00;-3.891351622465443194e-01;5.452660162769624730e-01;-1.226080253521891983e+00;5.826586798475797968e-01;-1.687536563644239207e+00;-5.643162541354130868e-01;-1.192045110909278005e+00;-2.511000702241371063e-01;-1.344103728033163803e+00;-2.040829868294466110e+00;-2.261898389832409872e+00
2.909725903945099001e-01;1.033238163729787606e+00;-1.210527226524034994e+00;5.031869870568174141e-01;-1.638463841038080959e+00;-4.194070334831516700e-01;-4.683356510670461659e-01;9.346431845922871517e-02;-1.123925512756590583e+00;-2.985746185961493104e-01;-3.014379202064891849e-01;-1.437216995322967705e-01;-3.453749766723801518e-01;1.784675276451505865e-01;-4.940043521454286490e-01
1.719801048364726914e-01;1.028892558364088716e-01;-1.173437830685303274e+00;-3.403363985352853227e+00;-3.891351622465443194e-01;-7.676223485088232712e-01;-9.179862942820097294e-01;-3.593007128214438239e+00;-2.116514529776524434e+00;-2.061146691050451007e+00;-6.083329523594776411e+00;1.889146091065490474e+00;-2.475012343695555117e+00;-2.684115479484210809e+00;-2.759144272120008790e+00
6.155841532873089772e-01;-2.608552545286350721e+00;-5.757604714099220228e-02;-2.766880142412134758e-01;-3.891351622465443194e-01;-1.894849594470622844e-01;-2.684909207492848782e-01;7.205842577957669581e-01;2.769057612634765464e-01;1.778447133154539145e-02;-2.787674435908366277e+00;1.717671690961458109e-01;-8.030995642866327611e-01;-5.402065502285482435e-01;-1.126424804255120149e+00
1.719801048364726914e-01;1.028892558364088716e-01;-9.019917011006135521e-01;4.179512345974238929e-01;-1.638463841038080959e+00;-7.109748809926853541e-01;-7.014878364377681308e-01;-7.195310171244867492e-02;-2.703044403470121093e+00;-1.801280295752701210e+00;-1.153204133919168539e+00;-3.611407145694937038e-01;-2.071601011967038886e-01;-5.238555794728416704e-01;-1.919380891727784366e-01
4.190108659524468537e-01;-3.376699061994658191e+00;-5.041420420578830441e-01;-6.919002488534305995e-01;-3.891351622465443194e-01;1.937184972797533489e-01;-1.183688947090851595e+00;-1.490646611974718150e+00;-2.347311850095671892e-01;1.778447133154539145e-02;-8.609939766458492294e-02;1.181465018350156715e+00;-7.402746208885980783e-01;-7.934586547494112407e-01;-7.466545739887475719e-01
5.913132062563656310e-01;-2.143543791114479458e+00;3.453451687239757484e-01;-1.357018405492492086e+00;-1.638463841038080959e+00;-1.345035939166930872e-01;6.152486858608164910e-01;3.506364545358864326e-01;-1.295383272275638098e-01;-1.121487263173289173e-01;-6.074744356336745366e-01;-3.031623105595742662e-01;-8.693764276515925093e-01;5.828041526696298158e-01;-6.632059103134696487e-02
-9.568062491064217578e-01;3.062353809096647964e-02;-1.876798033576096980e+00;-1.456699293465309797e+00;8.601935165449922094e-01;-6.909816571634601612e-01;-1.459232438892613892e+00;-4.188549762446647784e-01;9.196401105197423709e-01;-5.885704510298698233e-01;5.072476324080071874e-01;-1.437216995322967705e-01;-1.165220977164745930e+00;-2.549436464529091229e-01;-5.837492377607335081e-01
1.341594689619025615e-01;3.062353809096647964e-02;3.257973205069266132e-01;1.734602213808283944e-01;-1.638463841038080959e+00;-3.777544838389325643e-01;2.078056865080468163e-01;-1.181635725942827397e+00;-2.011279109958716560e-01;4.132333337411642216e-01;5.946398306357529862e-01;-7.058318651773721857e-03;4.088833437805958759e-01;5.978499541399010520e-01;9.265167115549138854e-01
-1.138060342063746955e+00;-1.411042529776018462e-01;-1.333101722473945538e-01;4.084072248979090380e-01;-3.891351622465443194e-01;8.335016598149586065e-01;-9.179862942820097294e-01;7.802691700550274945e-01;-1.026064623754626037e+00;-1.926733038310235457e+00;-2.904916022457414426e-01;-7.844924570570157574e-01;-8.136390043324368548e-01;-5.830305212554000027e-01;-1.473685908786018794e+00
-4.974373405086790489e-01;1.028892558364088716e-01;4.181160967732806544e-01;1.211319332539322891e-01;-3.891351622465443194e-01;-3.061120984508757248e-01;-9.529215447389141613e-02;3.228712998170007453e-01;4.104516760533891140e-01;-5.506732683822814778e-01;4.836179822434238385e-01;-9.409247546686843044e-01;-6.935101893366776293e-01;2.758280087831200822e-01;-6.657258622897189726e-01
1.174113381652170052e+00;-2.143543791114479458e+00;-9.019917011006135521e-01;5.177153042489718304e-01;-3.891351622465443194e-01;-6.060104558892531745e-01;-7.014878364377681308e-01;-2.072448327800132384e-01;-1.471331668713567575e+00;3.815974247483946424e-01;-5.971542923457373586e-01;-2.601904057843041056e-03;2.328709309299388241e-01;3.185876795531744077e-01;4.207636924596904193e-01
7.594632761394323195e-01;1.469725570834240769e-01;-9.497181454738090611e-01;1.400636154884966726e-02;8.601935165449922094e-01;8.118423339999646382e-01;-1.459232438892613892e+00;2.637583897703404401e-01;8.894510729031606111e-01;9.484687707699976933e-01;-2.774887932611480590e+00;1.848859626514480770e+00;9.448574815857796461e-01;8.465697077905175449e-01;9.166622470131146061e-01
1.174113381652170052e+00;1.193979534493963213e+00;4.485919334094901623e-01;-1.516399236178478382e-01;8.601935165449922094e-01;-5.077104387288960963e-01;5.808491831012018158e-01;-1.476905693567922340e+00;3.029211992095633965e-01;-7.976583552924269016e-01;3.022732038374745800e-01;4.352994668299212111e-01;6.328991419541593055e-01;1.207011467666988969e+00;5.898804738152572114e-01
5.393222987285382075e-01;1.401064569713364572e+00;-1.571643078987743081e-01;1.879068837529661584e-01;-3.891351622465443194e-01;-1.128442681016991606e-01;1.595855754427384088e-01;4.448598950396276397e-01;4.431783429189014578e-01;1.778447133154539145e-02;-2.351776777697613396e-01;-3.924490527348495905e-01;-2.597085267396877575e-02;6.197644910639927840e-01;-3.204769244802894157e-01
1.719801048364726914e-01;-4.389976838065366316e+00;-1.876798033576096980e+00;-1.657760599711785909e+00;8.601935165449922094e-01;-5.826850280884905420e-01;-1.567481667814734747e+00;-4.188549762446647784e-01;-1.220427222744640217e+00;1.291129808290518488e+00;-4.781487122409041390e+00;-1.002378965248574977e-01;-3.047235427089460824e-01;-1.186257837271565752e+00;-6.009252924239493199e-01
7.067997036246939091e-01;4.879602686307578097e-01;-1.413352036070054107e-01;9.270159819741720097e-01;-1.638463841038080959e+00;4.752897328746744088e-01;-8.698755258721783123e-01;4.605638017902514147e-01;3.409500709999778445e-02;-1.596852620425272262e-01;7.776947821285720153e-01;-2.633021578027550658e-01;-7.642887884422866485e-01;9.466417238237324616e-01;9.520714525686545249e-02
6.155841532873089772e-01;6.058680540943977011e-01;9.563865953484148585e-01;-8.970072164390195946e-01;-3.891351622465443194e-01;-2.944493845504944085e-01;-1.206650904740998564e+00;-1.098337088287123953e+00;-2.318134173858698688e+00;4.725506631026072935e-01;7.412882022959692563e-01;-8.612044491550455705e-01;-1.685885080407014680e-01;-2.102108705764907035e-02;8.730144959871076471e-02
1.046659788338181629e+00;-2.613045242008023641e-02;-9.019917011006135521e-01;-2.276568966744489317e-02;-3.891351622465443194e-01;1.687269674932219132e-01;1.337534002895271579e+00;7.490202517285594885e-02;-1.055358508291398101e+00;9.273168548736692163e-01;2.129021304016727734e-01;1.606649215197780978e-01;5.315345273959858341e-01;-1.003228171237181332e+00;1.907166924339131486e-01
1.719801048364726914e-01;1.028892558364088716e-01;1.262531750732902580e+00;-5.841431982336899864e-01;-3.891351622465443194e-01;-5.843511300742593173e-01;-7.014878364377681308e-01;-6.539773578720550207e-01;3.029211992095633965e-01;-8.917479122105778089e-01;-9.270125620355911256e-01;-6.220435326141293686e-01;6.680664572090359021e-01;-1.405161539779350988e-01;-1.454726207468544086e+00
1.719801048364726914e-01;1.028892558364088716e-01;1.353522153112909132e+00;5.614552938957972916e-01;-3.891351622465443194e-01;-8.775850795695616657e-01;1.355247513082527444e+00;-2.865986365792572710e-01;1.403247120465194731e-01;6.241393936929612307e-01;1.497340942035922939e-01;1.291243799713200247e+00;1.135498689138436657e+00;1.857935827275130514e+00;1.416164786589271918e+00
-9.812472206311372291e-01;1.028892558364088716e-01;2.509594782824293713e-01;-3.890297115240377024e-01;-3.891351622465443194e-01;-7.076426770211478035e-01;-1.610781359383583133e+00;-1.174605488618419846e+00;-9.067966652834805741e-01;7.454103781652445804e-01;-3.620747604890443561e-01;-1.578687198777794176e+00;-9.908840104873516408e-01;-5.830305212554000027e-01;3.954705668024055543e-01
1.719801048364726914e-01;1.028892558364088716e-01;-1.370630053025615469e+00;-6.339336063757693429e-01;-3.891351622465443194e-01;-8.925799974414805327e-01;-6.843538375397259510e-02;-1.988865718079176226e+00;1.403247120465194731e-01;-5.885704510298698233e-01;-1.502772926830153066e+00;8.129219666313677317e-01;-5.834762327439236840e-01;-9.898582460104882186e-01;1.967388652094571588e-01
1.084074839032230564e+00;6.386810416765497100e-01;1.548113625318803699e+00;6.459461653307737583e-01;-3.891351622465443194e-01;-6.643240253911599780e-01;1.449529099563084067e+00;2.865121686375074472e-01;-2.554101228641491028e-01;8.738149499594262126e-01;-7.832721103531761209e-01;7.285122313816329020e-01;9.775388314519495303e-01;1.081264716379052748e+00;1.357843152786885277e+00
-5.795311136988851031e-01;-4.982675085292913031e-01;-5.405376755466920757e-01;1.160398210024318616e-01;-1.638463841038080959e+00;2.237083330235911105e-01;-1.710666147193759812e-01;4.060659220073669640e-01;-1.753599170428611576e+00;-7.618147145617029103e-01;-3.109544919390122564e-01;7.539507817308676030e-01;-1.374934763378948599e+00;-8.509414619477755348e-01;-1.309878554090535108e+00
1.719801048364726914e-01;1.401064569713364572e+00;1.218969760815579839e+00;1.053739429657138960e+00;-3.891351622465443194e-01;-6.643240253911599780e-01;-1.080360137665191012e+00;9.008081183487713639e-02;-2.011279109958716560e-01;1.836849238415792396e+00;1.001115171229920664e+00;1.386908166329566372e+00;8.052189867030543624e-01;3.590968413353310407e-01;8.322702900328134978e-01
-3.161832475513550178e-01;8.278789173716754046e-01;-9.718678138726780658e-01;8.015227034808161122e-01;-3.891351622465443194e-01;-2.078120812905186743e-01;2.311209050451189240e-01;6.007211695395657802e-01;-2.554101228641491028e-01;-2.620716466814152490e-01;2.174735014423242463e-01;9.543921700861919544e-02;-9.179794607858959843e-01;8.223743460803604188e-01;-1.118369842907652512e+00
-1.395183624124145816e-01;-8.453684772375235079e-01;-7.579370923456396625e-01;1.609548403782038450e-01;-3.891351622465443194e-01;-7.285782044324883022e-02;-7.014878364377681308e-01;-8.520725927864706284e-01;-1.649605880323069096e+00;8.446320927334762807e-01;-8.653239515218869027e-01;3.346001335495351614e-01;-1.685885080407014680e-01;-6.387603465643157952e-01;-1.741794342947671215e-01
9.560365634742936658e-01;-1.157316013954429401e+00;-8.628353910866906062e-01;8.419528251794062834e-01;8.601935165449922094e-01;1.204100099059277618e-01;1.824327505078384259e+00;8.315685987737312379e-01;1.163165013960172578e+00;1.583026247659850450e+00;3.561105366494349833e-01;6.694254167068178774e-01;-2.597085267396877575e-02;1.134686538821640056e+00;9.558166996815518068e-01
1.719801048364726914e-01;1.028892558364088716e-01;-7.238468541930536126e-01;3.645907715238221325e-01;-1.638463841038080959e+00;-5.593596002877277984e-01;1.396881831898727722e+00;-9.649456690566683426e-01;-9.067966652834805741e-01;-1.437467342335851717e+00;6.428562158648560843e-01;-6.220435326141293686e-01;-7.531517831999965384e-01;2.306249282547771229e-01;-6.384414118199215338e-01
1.719801048364726914e-01;1.028892558364088716e-01;-5.757604714099220228e-02;-1.433756878918859723e+00;-3.891351622465443194e-01;-9.075749153133993996e-01;-6.843538375397259510e-02;-4.188549762446647784e-01;1.109399775538258970e+00;1.778447133154539145e-02;-3.841527895150027572e-01;-2.671994245821982084e+00;1.925297977570872066e+00;7.555639279387618146e-01;-1.360516390390781316e-01
-1.092303520816975793e+00;5.701023698951909191e-01;-1.230014834743535124e+00;7.068308629164942181e-01;-1.638463841038080959e+00;1.614903491140508685e+00;3.024031018463587683e-01;1.276031954822922421e+00;-1.471331668713567575e+00;-1.170176192886738020e+00;1.365841709592923170e-01;-2.927071885249991068e-01;-2.032990220925805502e+00;-1.073616895224771106e+00;-1.399353935544831673e+00
1.719801048364726914e-01;1.028892558364088716e-01;3.787158206374266478e-01;9.047174469821979148e-01;-3.891351622465443194e-01;-7.143070849642227937e-01;-1.648668589506325111e+00;3.838041886212554266e-01;-1.220427222744640217e+00;-1.121487263173289173e-01;-3.869657063826503762e-02;-6.220435326141293686e-01;2.770212017118760528e-01;-2.057781023492595285e+00;-1.019609044575210954e-01
-1.873254455567549215e+00;1.164365574266301856e-01;-2.308395940279471537e-01;4.364490940283881626e-01;8.601935165449922094e-01;8.218389459145772902e-01;7.751426709101364443e-01;-9.252724135959677909e-01;-3.840790695148815770e-01;-2.826780125286596293e-02;3.536806966427821775e-01;-5.837777859675824521e-01;-8.318195384114487334e-01;-4.267351241743486678e-01;-4.490157597878004503e-01
-1.138060342063746955e+00;1.401064569713364572e+00;-5.757604714099220228e-02;4.079194791795813790e-01;-1.638463841038080959e+00;-3.927494017108514313e-01;1.138749055238286179e+00;1.648971436578223482e-01;1.024507293819448828e+00;-1.139802198631157282e+00;8.863663052952809318e-01;-1.770015932010527093e+00;-1.317035943362284689e+00;2.514878884986283536e-01;-2.445221581622150087e-01
1.719801048364726914e-01;5.205994123662316397e-01;-1.370630053025615469e+00;1.250358706747640714e-01;-3.891351622465443194e-01;-6.576596174480848767e-01;7.057521395498028705e-01;-9.690413492527588657e-01;6.613561220223170833e-01;4.725506631026072935e-01;8.707698015066149821e-01;8.129219666313677317e-01;-8.389995319426525322e-01;3.881066281599725443e-01;6.821259909182957326e-01
1.719801048364726914e-01;1.028892558364088716e-01;-1.210527226524034994e+00;-1.498465539720419404e+00;-1.638463841038080959e+00;-4.044121156112328030e-01;-1.963247681345376416e-01;-2.552444852499829331e+00;-6.245291635684367959e-01;-1.164607627273214652e+00;-1.591923752551318780e-02;-1.578687198777794176e+00;-1.984208500169684308e+00;-9.168378851570110344e-01;-1.770658656154770139e+00
-9.233390854972207684e-01;1.028892558364088716e-01;-5.757604714099220228e-02;4.374751738019548586e-02;-3.891351622465443194e-01;-7.842833683665109135e-01;1.420197050435800135e+00;2.021747926189872424e-01;-2.011279109958716560e-01;-2.256046487523762689e+00;5.946398306357529862e-01;1.332014669887636449e-01;2.977968533302648158e-02;4.340387906323212031e-01;9.738792543139482838e-01
1.719801048364726914e-01;1.028892558364088716e-01;-5.757604714099220228e-02;8.175629808549573774e-01;-1.638463841038080959e+00;-6.626579234053912026e-01;-1.206650904740998564e+00;3.560554082737775183e-01;-9.067966652834805741e-01;-8.917479122105778089e-01;3.729620595214682144e-01;5.259288667822680230e-01;-7.531517831999965384e-01;-1.306279809708890349e+00;2.900825432303873463e-01
-2.628356971267271192e+00;1.028892558364088716e-01;-1.876798033576096980e+00;-6.267596587179926182e+00;-3.891351622465443194e-01;-7.709545524803608219e-01;-1.543426283609818928e+00;-2.575650669249767155e+00;-2.540976938370575144e+00;-1.801280295752701210e+00;-1.246208675152366663e+00;-9.664352524330486194e-01;-2.202040239398630028e+00;-1.258518064244980472e+00;-1.422005930849717936e+00
1.268198720323788109e+00;-6.923072597825581376e-01;-7.238468541930536126e-01;9.908782272683321901e-01;8.601935165449922094e-01;-2.644595488066566746e-01;6.408026021965300689e-01;-6.180174642113956951e-01;8.302341145014030532e-01;5.375172619270444097e-01;8.081582177864250760e-02;6.644772598128680929e-01;-4.856682713281417763e-01;8.528320367037355298e-01;3.290272565768680435e-01
5.571914256162096013e-01;1.028892558364088716e-01;8.453608767375073163e-02;1.033128462563011052e+00;-1.638463841038080959e+00;-4.910494188712085095e-01;-6.843538375397259510e-02;9.382100742351664469e-01;1.403247120465194731e-01;1.262407733020767031e+00;3.867881159319255802e-01;-1.155851211157184893e-01;1.482495785978919234e-01;9.645102356561129353e-01;8.607787012570894403e-01
4.638849127991115373e-01;-9.529785023399072186e-01;-6.730536183617376045e-01;2.305711200731232480e-01;-3.891351622465443194e-01;4.569626110312179912e-01;5.298471425513561206e-01;-4.048410594589261779e-01;1.539521682913563172e+00;6.879662276257418885e-01;-1.852341719741137593e+00;6.824705576090499548e-01;-1.248801049525520179e+00;2.774846661846824269e-01;-1.030802303595026004e+00
2.909725903945099001e-01;-1.740048587881214970e-01;-1.131970640374257320e+00;-2.019661508528076244e+00;-3.891351622465443194e-01;-7.776189604234358121e-01;-1.080360137665191012e+00;-1.188346407025215878e+00;1.403247120465194731e-01;-5.019483192639536684e-01;-1.187658691825824731e-01;-1.404751986748036474e+00;-4.440998877264347722e-01;-1.306279809708890349e+00;8.618125711085863339e-01
-1.462671904956544200e+00;1.028892558364088716e-01;-1.803706600435553697e-01;2.782178859188896292e-01;8.601935165449922094e-01;-5.493629883731152574e-01;1.160398901022710261e+00;9.552368644348909754e-01;-3.422616618533935728e-01;-5.019483192639536684e-01;8.910741670242676715e-01;1.444306786299386358e+00;-6.998443531107043092e-02;-5.830305212554000027e-01;3.102909683689392129e-01
8.693535824657040445e-01;2.267221530059751744e-01;-5.757604714099220228e-02;5.719693492232704735e-01;-3.891351622465443194e-01;-2.044798773189811514e-01;5.109035274899850210e-01;-1.031410654694971729e+00;-4.201285588782333602e-01;-2.420819239662038436e-01;5.566114263860222344e-01;-4.972639239840861980e-01;8.886864115033002998e-01;-1.113675379631601903e+00;8.912158296851796502e-01
4.190108659524468537e-01;-6.572538376901818635e-01;-5.262143990659925441e-01;-1.071554988562207766e-01;-3.891351622465443194e-01;6.752219711669260604e-01;-1.080360137665191012e+00;-5.154405189048788527e-01;-1.891674236350647520e-01;-2.756130717465586910e-01;6.811456982526716830e-01;-7.248227758393913089e-02;5.610992066421197633e-01;-2.515412640475498396e-01;-8.650454722786278250e-01
-1.765067943715944443e+00;-1.411042529776018462e-01;-1.144309617679703628e+00;-5.069666101571426164e-01;-3.891351622465443194e-01;1.503998456497654956e-01;-1.080360137665191012e+00;-5.675539959765819598e-01;-1.019703665969498241e+00;3.088348340650249324e-01;3.112056742214427407e-01;-1.578687198777794176e+00;-1.689865775666255621e+00;-9.610926493106332069e-01;-2.086591104840996636e+00
-3.145474266593196955e+00;-1.022655989941386956e+00;2.005709737298660422e-01;-2.965403296869663363e-02;8.601935165449922094e-01;-3.610934639812449221e-01;-4.683356510670461659e-01;-1.072922692408133205e+00;-3.828127539103877430e-02;8.738149499594262126e-01;-6.263322908909121911e-02;7.118680582337976182e-01;-1.559110647866343902e+00;-6.734366823120859769e-01;-1.210984711430522331e+00
4.190108659524468537e-01;1.401064569713364572e+00;-9.019917011006135521e-01;2.429100922578835142e-01;-3.891351622465443194e-01;-7.776189604234358121e-01;1.030499826316165102e+00;4.365310684638297294e-03;-3.023802928146307245e+00;-2.095986245539852577e-01;3.948862346866197082e-01;-2.057009031859626358e+00;-1.597721438907576952e-01;1.054471667916728056e-01;7.042129457176145024e-01
-1.138060342063746955e+00;3.062353809096647964e-02;-5.164930691535112306e-01;1.720519434004959269e-02;-1.638463841038080959e+00;-5.119849462825490360e-02;5.625676601707770702e-02;-1.058222196401504001e-01;-2.250927625831307122e+00;-7.212105902964296433e-01;6.538887785867678604e-01;-5.520452155777635372e-01;-7.825852970546215426e-01;-3.889475699960913690e-01;-1.529401149885289080e+00
-3.161832475513550178e-01;1.028892558364088716e-01;-5.757604714099220228e-02;-1.017092193624019814e+00;-3.891351622465443194e-01;-6.959799631207664872e-01;-6.843538375397259510e-02;-1.297236703833784421e+00;1.403247120465194731e-01;1.778447133154539145e-02;1.668093676700703742e-01;8.973317018811025614e-01;6.328991419541593055e-01;5.634839757816674233e-01;1.030609055529769336e+00
5.056938469610363640e-01;1.028892558364088716e-01;1.810833655103659123e-01;-2.974651712278738591e-01;-3.891351622465443194e-01;-7.159731869499915691e-01;-1.459232438892613892e+00;-6.267948724475608246e-02;-2.224045006620350762e+00;6.241393936929612307e-01;4.548123134713582538e-01;-1.578687198777794176e+00;3.456994007060006369e-01;-8.759464830790633094e-01;-9.387753440210033773e-02
-2.323597172080805517e+00;-1.157316013954429401e+00;5.451392112461067585e-01;-1.150966579349845587e+00;8.601935165449922094e-01;-4.710561950419833721e-01;-8.909239870514793491e-01;-2.566540014393367208e+00;-4.201285588782333602e-01;-1.484921205825005641e+00;3.124191537901881421e-01;-6.220435326141293686e-01;-3.039549854753982594e-02;-5.830305212554000027e-01;1.667122275244023177e-01
4.190108659524468537e-01;-8.453684772375235079e-01;8.262398829544840284e-01;-2.702719034679921806e-01;-3.891351622465443194e-01;-5.543612943304215834e-01;1.192873669699346273e+00;-1.322069003227934081e+00;9.749866794834768369e-01;-1.801280295752701210e+00;7.983255839854588309e-01;-6.220435326141293686e-01;2.667194718627573513e-01;8.612079016251638075e-01;-1.192032929736094093e+00
-3.161832475513550178e-01;-2.143543791114479458e+00;-7.238468541930536126e-01;3.701064328891313926e-02;-3.891351622465443194e-01;-5.626918042592653491e-01;-7.014878364377681308e-01;-4.463368130582556770e-01;-2.011279109958716560e-01;-8.921933849693933216e-02;6.684618117473899446e-01;5.259288667822680230e-01;-8.748994995986721923e-01;-8.689914960285277656e-02;5.170550655760182135e-01
4.190108659524468537e-01;1.028892558364088716e-01;1.029157523397720375e+00;1.061932361734871710e+00;-3.891351622465443194e-01;-5.593596002877277984e-01;5.625676601707770702e-02;-1.352537530446158431e-01;1.633610850151911320e+00;-1.164607627273214652e+00;-2.274230450010674420e-01;1.967894197731402839e+00;1.248327158914498414e+00;1.383303481727527373e+00;8.950878637364183543e-01
6.388051072835501110e-01;1.028892558364088716e-01;1.662057678536330796e+00;-1.969485059188874843e+00;-3.891351622465443194e-01;-7.193053909215291197e-01;1.319164436775154048e+00;-2.534956410891180401e+00;9.749866794834768369e-01;3.209619325122533007e-01;-3.242267107302627682e-01;-8.829463506587655885e-01;9.775388314519495303e-01;1.258400232899210991e+00;2.137104430314444026e-01
4.746118791488875832e-01;-2.442117128718219454e-01;-7.978093799426667632e-01;3.929333567151702122e-01;-3.891351622465443194e-01;6.518965433661633169e-01;-7.460610483468765874e-01;5.216345502648978005e-01;5.045408432917373176e-01;-5.885704510298698233e-01;3.067596482384726819e-01;7.299074336171653687e-01;-5.501923294561652522e-01;4.959473574428784337e-01;5.993088384076737142e-03
-2.628356971267271192e+00;1.028892558364088716e-01;-1.169060036212989040e+00;-8.970160090285803078e-02;-3.891351622465443194e-01;-3.411002401520197846e-01;-1.350983209970493037e+00;2.782137316388937354e-01;-1.220427222744640217e+00;5.195954415616824695e-01;2.631521821856808163e-01;-1.339526282236877863e+00;-2.314677149803256118e+00;-1.265451220844580726e+00;-1.253067197668825239e+00
1.719801048364726914e-01;1.028892558364088716e-01;-1.326562112580151664e+00;-1.013710328840422115e+00;-3.891351622465443194e-01;-7.026443710638414775e-01;4.351290672445007335e-01;-4.188549762446647784e-01;-2.161318895128118811e+00;3.485235198923178346e-01;3.039871264176317589e-01;-2.854212086996013475e+00;-3.563444112339420600e-01;-9.898582460104882186e-01;5.995905282471569731e-01
1.719801048364726914e-01;-5.017196161855654035e-02;-2.875549864146356160e-01;2.263914950842212115e-01;-3.891351622465443194e-01;-5.793528241169529913e-01;2.078056865080468163e-01;-2.012801511432948942e+00;-9.067966652834805741e-01;-8.917479122105778089e-01;2.047361770042702978e-01;-6.220435326141293686e-01;9.775388314519495303e-01;-7.814830699164183603e-01;-4.668330240878508230e-01
8.357251306982023120e-01;-4.982675085292913031e-01;-8.490732009701135174e-01;-1.781884661267163217e-01;8.601935165449922094e-01;-4.710561950419833721e-01;-7.962059117446237400e-01;9.413931094236985264e-02;2.554812829549343856e-01;-8.917479122105778089e-01;4.094628484450702488e-01;-2.167390993340049032e+00;-1.284853968960963044e+00;-6.137345004821990191e-01;-8.621062152417089397e-01
-4.543638072151182095e-01;-2.442117128718219454e-01;3.453451687239757484e-01;-4.738727122641180900e-01;-3.891351622465443194e-01;1.637286615359156150e-01;-1.478179046306408485e-02;-9.366244762113651312e-01;1.909102858305776196e-01;-2.620716466814152490e-01;-5.040049470844840673e-01;-9.259185795131755770e-01;-8.243736191939038394e-01;-6.312471404856322410e-01;-1.084995221048096203e+00
1.174113381652170052e+00;-2.387537299928490508e+00;2.037834980570952581e+00;5.652770308867914872e-01;-3.891351622465443194e-01;-5.943477419888718583e-01;9.655502889628924112e-01;8.456446615319118676e-01;-7.659813082746989854e-02;1.836849238415792396e+00;-2.120573837742110168e-01;-8.829463506587655885e-01;1.494498365698634812e+00;9.086711361799245656e-01;1.059281712744637227e+00
-7.607852066562094118e-01;-1.071453160870983190e+00;8.473541725624271770e-01;-2.248629997066285302e+00;-3.891351622465443194e-01;-8.785273831516769716e-02;-4.683356510670461659e-01;-1.134371288679097978e+00;-1.649605880323069096e+00;-1.801280295752701210e+00;-2.096777459735909566e-01;-1.377288532217022521e+00;-1.294652967576750191e+00;-3.988066458946051829e-01;-1.257457381853460010e+00
4.190108659524468537e-01;1.028892558364088716e-01;-8.203941320296689321e-01;9.301469226994334497e-03;-3.891351622465443194e-01;-4.810528069565959131e-01;-2.684909207492848782e-01;-4.587814184078065627e-01;1.539521682913563172e+00;-1.437467342335851717e+00;-4.653429607717477490e-01;-4.307147993813964515e-01;-4.924549462018900647e-01;2.376337329456241348e-02;2.032787739008391770e-02
6.388051072835501110e-01;1.104152141091541584e+00;4.181160967732806544e-01;2.482998658204720599e-01;8.601935165449922094e-01;5.209982848940844513e-02;-3.767401496714052889e-01;7.175698682877241774e-01;5.045408432917373176e-01;-4.369817204395158861e-01;7.129554220825500277e-01;1.068463767866866920e+00;-4.774716886461148335e-01;4.809804511809850913e-01;-4.521356344311858733e-01
1.719801048364726914e-01;1.028892558364088716e-01;3.787158206374266478e-01;1.060877293538049493e+00;-3.891351622465443194e-01;-3.311036282374071882e-01;-6.843538375397259510e-02;1.014201058610887163e+00;1.539521682913563172e+00;2.776508666292952232e-01;3.106151863955783909e-01;-4.307147993813964515e-01;7.970132798102494975e-01;7.391595841986376980e-01;4.598651386857802725e-01
-1.138060342063746955e+00;-5.017196161855654035e-02;-1.131970640374257320e+00;-7.956691166405649440e-02;-3.891351622465443194e-01;-2.677917527781941698e-01;-2.793707870012724845e-02;3.412979662982585372e-01;-1.992440902649032841e+00;8.877719686327071313e-01;6.728678921824658363e-03;4.408938742343872508e-01;-4.440998877264347722e-01;6.658359826439411711e-01;1.213221187289695163e-01
1.719801048364726914e-01;8.278789173716754046e-01;3.787158206374266478e-01;5.891375699454417525e-01;8.601935165449922094e-01;-7.143070849642227937e-01;3.810044527834400285e-01;6.027112335846878111e-01;9.749866794834768369e-01;1.417065061396351799e+00;2.594368785293298951e-01;1.701233942354770656e+00;2.977968533302648158e-02;1.492593833037590967e-01;-1.484013830465207365e-02
1.719801048364726914e-01;1.028892558364088716e-01;8.473541725624271770e-01;-1.205979365167968664e+00;-3.891351622465443194e-01;-6.509952095050097753e-01;-1.710666147193759812e-01;6.549875428296858537e-01;1.915878351866955098e+00;1.778447133154539145e-02;1.004479105083114554e+00;3.346001335495351614e-01;-1.305699111470910001e+00;2.758280087831200822e-01;-5.069288614098651502e-01
-1.833266436468119487e+00;-8.453684772375235079e-01;-1.266809946483151039e+00;-2.836193657692105512e-03;-3.891351622465443194e-01;2.370371489097412021e-01;-2.103315350979232612e+00;-5.332388375769083755e-01;-1.083213853855382824e+00;-1.121487263173289173e-01;1.938488752673741544e-01;-4.805733291593063811e-02;-1.781663198781366475e+00;-1.208919328570919882e+00;-1.880157970756246799e+00
-1.948255758893803757e-01;-3.594780322446401222e+00;9.172302853344913576e-01;5.614552938957972916e-01;-3.891351622465443194e-01;-3.161087103654883212e-01;-5.120516858240565794e-01;4.783720320454578068e-01;1.251719524302146613e+00;-1.635910771472314673e+00;6.357655709782215059e-01;7.172576000150009401e-01;5.713563402581253170e-01;-6.630622048137780888e-01;-5.132851774415549961e-01
-5.309045041178808155e-01;3.289739394698686925e-01;-1.235872847077874592e+00;4.072511343108366488e-01;-1.638463841038080959e+00;7.868508042134332303e-01;-1.307683518401644651e+00;-5.386343027340901868e-01;-9.067966652834805741e-01;-1.232822556038874140e+00;7.625066388410275398e-01;-1.805156866924382264e-01;-1.512651866193847505e+00;-1.162451826209616401e+00;-2.258199866741015249e+00
6.109188785618241413e-02;1.028892558364088716e-01;2.509594782824293713e-01;-5.340287493322866119e-01;-3.891351622465443194e-01;-5.860172320600280926e-01;-9.179862942820097294e-01;1.791736900684815503e-01;-1.676617124506326384e+00;-1.387856485051735866e+00;-1.380423849311309015e+00;-8.829463506587655885e-01;-6.415497098345437355e-01;-1.593935776707437801e+00;-2.891253630630506333e+00
-3.161832475513550178e-01;1.401064569713364572e+00;-4.656998333221955555e-01;8.579395900553052345e-02;-3.891351622465443194e-01;-8.026104902099673311e-01;6.762296225710423547e-01;8.587911729758734847e-01;3.477255645611574408e-01;1.778447133154539145e-02;3.173956155684223290e-01;4.024823626840796920e-02;-1.437718347367240801e+00;-1.113675379631601903e+00;-1.711450422847987374e-01
-1.612929938789816831e+00;-9.911840199438221033e-01;-1.301517628904041546e+00;-2.309892675072774626e+00;-3.891351622465443194e-01;1.833162851276216809e+00;-1.740680434090127848e+00;-2.505287257614186580e-01;-1.286772148361423840e+00;-1.677953870865633634e+00;2.924809101810501022e-01;-1.046294201956276426e+00;-1.870339379458794138e+00;-1.625773427423781614e+00;-2.655974943781085784e+00
4.190108659524468537e-01;1.028892558364088716e-01;2.115592021465753925e-01;4.770005052046050742e-01;-3.891351622465443194e-01;-2.161425912193624954e-01;-1.963247681345376416e-01;-5.957135338027406968e-03;-9.067966652834805741e-01;-1.311532089230019293e+00;-5.478532974147813928e-01;-8.680376181990721030e-01;7.936452657870836092e-01;-4.022181991420273328e-01;-1.942544178638229771e-02
-9.233390854972207684e-01;-8.453684772375235079e-01;-2.875549864146356160e-01;3.181859324946902379e-01;8.601935165449922094e-01;-5.027121327715898813e-01;-1.803661803644816208e+00;7.905124367216281867e-02;3.029211992095633965e-01;1.495774594587496065e+00;2.870192928740874505e-01;-6.220435326141293686e-01;-1.479251545642714105e-01;-7.755081544728611442e-01;3.738525106850682511e-01
1.719801048364726914e-01;1.028892558364088716e-01;-9.019917011006135521e-01;6.459461653307737583e-01;-1.638463841038080959e+00;-7.442969207080606386e-01;-1.711813973044228998e+00;-2.072448327800132384e-01;-9.067966652834805741e-01;6.241393936929612307e-01;4.075466738664937916e-01;-2.120533899725589311e-01;-5.834762327439236840e-01;-3.024596765967180190e-01;3.494830656073430464e-01
-2.480410293513413578e+00;3.289739394698686925e-01;-9.929821034806212143e-01;-1.171181631125135653e-01;-1.638463841038080959e+00;-8.285443235786141281e-02;-7.962059117446237400e-01;-7.316699709315408473e-01;-1.063611944014060340e+00;-1.801280295752701210e+00;-7.580394114980553155e-01;-1.578687198777794176e+00;-6.697568272785592303e-01;-1.135898967717442698e+00;-1.702008146240690412e+00
-1.588403058577003257e+00;4.879602686307578097e-01;1.810833655103659123e-01;7.210459697137126811e-02;8.601935165449922094e-01;-6.826511472346162845e-01;-1.710666147193759812e-01;-8.337548050802195965e-02;2.554812829549343856e-01;-1.035358288559333984e+00;4.627270785938725206e-01;-9.090366324632286332e-01;4.021136355940320706e-01;-9.168378851570110344e-01;-4.890239274036143474e-02
-9.233390854972207684e-01;1.028892558364088716e-01;-1.210527226524034994e+00;4.110245906430255725e-02;-3.891351622465443194e-01;-6.076765578750219499e-01;-7.014878364377681308e-01;3.368955361290910111e-01;-1.003180889547843901e-01;-2.015287915409671449e+00;1.566259214460872518e-01;-1.803779826110420981e+00;-1.459556115710994861e+00;-2.470711164119010039e+00;-6.569887068021997845e-01
-3.161832475513550178e-01;-4.389976838065366316e+00;-4.656998333221955555e-01;-3.024229902500946143e-01;-3.891351622465443194e-01;-6.126748638323282758e-01;-7.014878364377681308e-01;-1.354822918492161632e+00;-1.471331668713567575e+00;-1.164607627273214652e+00;9.765217052443899703e-01;-2.601904057843041056e-03;1.278237349315359261e-01;-4.945897115260324273e-01;-4.534481334190936797e-01
4.173573054491055978e-02;-8.453684772375235079e-01;-1.196171434064289718e+00;1.944460870197813052e-01;-3.891351622465443194e-01;-3.620357675633602973e-02;-9.439661092233185835e-01;-4.188549762446647784e-01;1.069075846721824430e+00;-1.073654388919002445e+00;6.383359297496258300e-01;-1.377288532217022521e+00;-1.371255574147120182e+00;1.551311236610490030e-01;-7.622446058266288960e-01
-1.910871205622404201e+00;-2.442117128718219454e-01;-1.654890217111834261e+00;2.207657093649148805e-01;-3.891351622465443194e-01;-3.453747477056726828e-02;-2.934715120390049559e-01;-1.168307567681971859e+00;-1.003180889547843901e-01;1.314760192743110179e-01;5.976148841924429078e-01;-4.170484612933441082e-01;-9.026930229452684307e-01;-1.332047442904240597e-01;-1.322167138089707983e+00
8.428315341442503203e-03;-8.453684772375235079e-01;9.172302853344913576e-01;4.033636693388674699e-01;-3.891351622465443194e-01;-4.260714414262267158e-01;-1.167792207179211283e+00;-3.696433149738154733e-01;3.029211992095633965e-01;-2.095986245539852577e-01;3.404079812459458454e-01;3.346001335495351614e-01;-1.090299305534790930e+00;1.827628429894727624e-01;-8.645659670833147903e-01
1.719801048364726914e-01;1.028892558364088716e-01;-5.757604714099220228e-02;-3.265399976235800139e+00;-3.891351622465443194e-01;-7.709545524803608219e-01;6.762296225710423547e-01;2.021747926189872424e-01;3.409500709999778445e-02;-1.194925373391285683e+00;4.357449247671233428e-01;9.543921700861919544e-02;-2.861400300399477015e-01;-9.898582460104882186e-01;-7.791268595548164200e-01
1.719801048364726914e-01;-3.594780322446401222e+00;-1.876798033576096980e+00;1.400636154884966726e-02;-3.891351622465443194e-01;-9.342325470856996938e-01;-1.762330279874552152e+00;-1.829589266009008508e+00;1.403247120465194731e-01;1.778447133154539145e-02;-1.134805776397538546e+00;-1.100365365695961550e+00;-1.865738606904818742e+00;-2.698534689981859191e+00;-2.273278460882858010e+00
-1.138060342063746955e+00;1.028892558364088716e-01;-1.607662784288529600e+00;-7.386769792416580938e-01;-1.638463841038080959e+00;-1.195086760447742064e-01;5.109035274899850210e-01;-2.365668296119459058e+00;-2.116514529776524434e+00;-1.437467342335851717e+00;3.654143926613361848e-01;-9.090366324632286332e-01;-1.441741094167406034e+00;-2.698534689981859191e+00;-1.290737810349887438e+00
-1.873254455567549215e+00;1.028892558364088716e-01;-1.131970640374257320e+00;-6.099777876247935104e+00;-3.891351622465443194e-01;-8.892477934699429820e-01;8.140013684719232812e-01;-1.476905693567922340e+00;5.045408432917373176e-01;1.836849238415792396e+00;-6.212516229676708912e-01;-9.409247546686843044e-01;-2.597085267396877575e-02;-2.131871351144103699e-01;-2.926847438732599338e-01
8.428315341442503203e-03;3.289739394698686925e-01;-8.490732009701135174e-01;1.734602213808283944e-01;-1.638463841038080959e+00;-7.009782690780727021e-01;-1.390346565942172985e+00;7.905124367216281867e-02;1.915878351866955098e+00;-5.019483192639536684e-01;3.379943877390816365e-01;-1.770015932010527093e+00;1.026842350344823462e-01;-1.060600853356410966e-01;-9.573284266856836311e-01
-2.213706865754534014e+00;1.028892558364088716e-01;-1.440506165797678761e+00;-1.612100887845248742e+00;-1.638463841038080959e+00;-4.677239910704458214e-01;-1.682098498438156842e+00;-2.342583553196042168e+00;-1.713275241612176591e+00;-5.885704510298698233e-01;-1.308803055945914617e-01;-1.852013960538841264e+00;-2.303165905113552459e+00;-2.782913773634766219e+00;-1.627979485780345792e+00
-3.161832475513550178e-01;3.289739394698686925e-01;1.078920100491391476e-02;-9.922072369331856878e-01;-1.638463841038080959e+00;-2.727900587355004958e-01;-1.080360137665191012e+00;-2.209402344022485476e+00;-2.554101228641491028e-01;-1.010382570933463287e+00;2.037833850187475981e-01;-1.196029732312327898e+00;1.482495785978919234e-01;-1.866102576252217427e+00;-1.856983398860057588e-01
